decoy_filename,pc
C:\CJH2330\6KG8PY0V.doc,PC-1768
C:\JBP0651\GEOQFL5E.doc,PC-0903
C:\QUG5GCUL.doc,PC-0514
C:\63DdkX0\CK6FP9BC.doc,PC-8185
C:\45NTT71\EU0JQQDY.doc,PC-5968
C:\99hH1r2\ZL2TVCK2.doc,PC-7219
C:\97R3797\CY6GWBPN.jpg,PC-0072
C:\SJF3798\33M8QX8W.doc,PC-6691
C:\VCH3696\T5HCNFZO.doc,PC-6116
C:\67KNzV0\GUVOQYWC.doc,PC-1305
C:\WTVVXB9E.doc,PC-3373
C:\8R34ZG5O.doc,PC-3011
C:\T3UKRTF4.pdf,PC-7233
C:\927jc19\O7R7MSVI.doc,PC-2981
C:\KEW1179\HNPHWCSN.zip,PC-5217
C:\UB39Q27C.doc,PC-4540
C:\87Cbv61\5NAAOP9W.zip,PC-5062
C:\TDK1689\MOR3FQH7.doc,PC-7593
C:\77Q54g6\LIZVCTUK.doc,PC-0257
C:\07CDGZJL.doc,PC-4279
C:\SJN1601\IAXYTAEV.pdf,PC-6440
C:\MAR2386\KYFWE7FC.pdf,PC-5153
C:\YP5QK92F.jpg,PC-6061
C:\8IYVZTFH.doc,PC-1302
C:\RNVA3TH5.doc,PC-5480
C:\WEC3721\10IO48RJ.pdf,PC-5422
C:\ARK3198\KWHBM7MY.doc,PC-9151
C:\L4K9Q5G1.zip,PC-8116
C:\LBW3159\NNHR2DSA.txt,PC-8176
C:\369WsF8\AJ6ORSPP.doc,PC-5743
C:\JTJ3700\MS1LTY51.doc,PC-9048
C:\48ffX11\4B73088K.doc,PC-3688
C:\QJA3887\TXX1WY9C.doc,PC-7582
C:\INAAP8QY.doc,PC-9507
C:\47P5V15\HG3RZ9F7.jpg,PC-8950
C:\77c6NB4\BN0VHBRH.doc,PC-1078
C:\183qn79\Q8TN86M8.doc,PC-9743
C:\ATC1587\0ZBXTCD9.doc,PC-2425
C:\3RP0WRML.doc,PC-1415
C:\82rYw21\6OL7VIP5.doc,PC-6789
C:\MAH2095\FIMTGN8F.zip,PC-0833
C:\EVQP5I4I.pdf,PC-0268
C:\1UHBIE2S.doc,PC-3264
C:\0MYTVNLI.doc,PC-5671
C:\GKB1150\OGQGD1ZG.pdf,PC-3373
C:\16JP2Y2\KU4VV0LS.doc,PC-7535
C:\7MLZCX93.doc,PC-6931
C:\OSKZ81DT.doc,PC-7129
C:\RAF1290\9CB0PF3K.doc,PC-9839
C:\17A53HDV.pdf,PC-3265
C:\XIW2655\8J0C051N.txt,PC-9408
C:\BHS1917\MABYJ5EY.doc,PC-9362
C:\LMJ3535\A1FMJZV2.jpg,PC-2061
C:\SKK0282\HBSC2YIZ.pdf,PC-8474
C:\HIP0148\P2XC3RYX.jpg,PC-3393
C:\1VUTZEJJ.zip,PC-0977
C:\TAB1870\I1LD9TGP.doc,PC-8355
C:\MXR3432\63XRAQKP.doc,PC-3033
C:\7GE4VT4I.txt,PC-7393
C:\87l9877\5M8HLJ2K.doc,PC-4309
C:\78Cq733\XS66631M.txt,PC-6751
C:\DE82ZFE0.doc,PC-7243
C:\11FZBP0\953PC1M8.pdf,PC-5789
C:\25TYhY0\TRAD1TBQ.doc,PC-1587
C:\JVSDWC4L.doc,PC-6332
C:\COGT2XTB.doc,PC-8635
C:\153zv79\NAJO7BP0.doc,PC-2184
C:\BZNARBNY.doc,PC-5417
C:\BQK2024\LQP4OQI4.pdf,PC-9066
C:\59k6587\ODS0NZJD.jpg,PC-9911
C:\76CC9Y2\60UAMBBI.doc,PC-4614
C:\47Qqy61\H7J1NN0F.pdf,PC-2094
C:\88K3jd4\SSQPPO4Q.doc,PC-0177
C:\JCH2505\CNQBKIKC.doc,PC-1297
C:\DNB2574\MFQ49F7O.pdf,PC-3645
C:\CCT2165\GBVQL7SH.pdf,PC-2738
C:\LHQ2TYVG.doc,PC-6822
C:\HHF1995\81R1GRSA.zip,PC-4472
C:\76Jpjs0\RYLMTI6P.pdf,PC-7806
C:\MTTABRNX.doc,PC-6759
C:\T5P3VLR6.doc,PC-2444
C:\NLC2601\QPHEM7TH.txt,PC-2938
C:\5FMFMLN2.doc,PC-3802
C:\LMJ3535\BLB9KVFP.doc,PC-2061
C:\66Hv1R2\JZZMIYZJ.pdf,PC-1603
C:\SVA1742\8BMMTHH0.doc,PC-9876
C:\CKP3600\15MT3WJK.pdf,PC-3088
C:\2FDZ9COV.txt,PC-2625
C:\QA24D9OS.doc,PC-2694
C:\28X79b6\OW29SNBO.doc,PC-6793
C:\38V81L6\1GM1ERAJ.doc,PC-4873
C:\5YQ3TQPZ.doc,PC-6735
C:\59zGBV0\BBEC2X04.doc,PC-8322
C:\MVD079TG.pdf,PC-9828
C:\SJW3131\17UTY1B4.pdf,PC-6021
C:\3V6YF0V2.doc,PC-7347
C:\693NQd8\UMYN9ODW.txt,PC-6306
C:\69GPgS0\T6L4LC2C.doc,PC-9915
C:\1OPWB471.doc,PC-4632
C:\66j2l35\OV5LY2ZS.doc,PC-1649
C:\77Z3c75\BP10WTN1.pdf,PC-4491
C:\791tK59\DZW669F4.doc,PC-7374
C:\452YP19\QVDUVEOG.doc,PC-8211
C:\55xyGH0\ISJ4BKRQ.doc,PC-9541
C:\ET0ZHL6U.pdf,PC-0628
C:\47G7697\0YC1STG9.doc,PC-3471
C:\NZF4AVMP.doc,PC-8063
C:\27D4647\O81A0LO8.doc,PC-2531
C:\NHH1704\YXLTUI2G.doc,PC-9182
C:\31w7857\GSEER2C0.zip,PC-5604
C:\122RZ99\S9QXYY2I.doc,PC-0818
C:\XLCBBQGR.doc,PC-0963
C:\8L5C8GLB.doc,PC-4638
C:\68PN993\G7UVXDAM.pdf,PC-1820
C:\BGW1739\XB6HGEGJ.pdf,PC-6992
C:\DBF3635\NZTJ2FYT.zip,PC-0363
C:\GLN2107\SRTD94QQ.doc,PC-6169
C:\82Dd443\4HKWT5XH.doc,PC-6604
C:\63fnq41\VVVL2R18.doc,PC-5436
C:\0TEQBXLH.doc,PC-2848
C:\I7IHHKVZ.doc,PC-2122
C:\MJG2304\JNBTQUKP.txt,PC-8239
C:\8E9ZCU9C.doc,PC-9329
C:\SPW0753\EAG8X8QA.doc,PC-2009
C:\HL52C2YZ.doc,PC-8466
C:\Y0PS6KI1.doc,PC-3525
C:\TCB0550\S2M4119H.jpg,PC-6190
C:\DAT1981\7SQL83YX.doc,PC-9546
C:\67M8687\57PHMHUP.doc,PC-6769
C:\A4SYMQ5N.pdf,PC-7794
C:\2AXVOI21.doc,PC-2073
C:\28R7Mn4\UBUUIEOD.doc,PC-2756
C:\PMEHCALY.pdf,PC-8786
C:\298bY59\HR0H40I2.doc,PC-8473
C:\474jz39\4LXS3K8N.pdf,PC-9416
C:\79fr863\9FJ82TRN.pdf,PC-8794
C:\KIWCROB4.doc,PC-0727
C:\KEW1179\DGMM9XSA.doc,PC-5217
C:\42b1647\HSSW3XC7.doc,PC-4514
C:\YZLGLCXF.doc,PC-4867
C:\67JRXR0\SWM25VGO.doc,PC-5857
C:\XB9ZERLO.doc,PC-0383
C:\WEV2867\WB4Y0E8T.doc,PC-0229
C:\19kflr0\F22E9KK1.pdf,PC-3368
C:\52g6TH4\B0Y597FC.jpg,PC-0327
C:\V1RJX2E6.pdf,PC-2294
C:\76g8t75\PX0YXUUQ.doc,PC-9542
C:\93n76R6\JF6A5MGF.doc,PC-6648
C:\22OMTM2Y.doc,PC-5089
C:\78Q2c65\IQSPF505.doc,PC-9471
C:\UVCT8RZR.doc,PC-1301
C:\RLB1334\7MWKM0I0.doc,PC-4429
C:\EGD3972\SCJN7OEG.doc,PC-7344
C:\JVZ3437\YMIA6IDQ.doc,PC-1050
C:\11rPk11\83ABLUE7.doc,PC-0601
C:\QQPIUV18.txt,PC-6021
C:\DNB3545\2SZ6LK4R.zip,PC-9461
C:\CSB1660\1I4Z1O8A.txt,PC-6771
C:\QSNWR63U.pdf,PC-3207
C:\JCB2089\IVL90EA0.zip,PC-4255
C:\83w5q95\Q258IFEZ.doc,PC-0939
C:\CSL2055\NIIW9ILT.pdf,PC-3543
C:\93n6N95\0HFB9KMX.pdf,PC-1156
C:\4EST98BA.doc,PC-3728
C:\INH1250\WWQRL9M9.doc,PC-9534
C:\GAH0525\GCHGP4Y4.exe,PC-7394
C:\KCH3095\8KQHYXEH.pdf,PC-1839
C:\84SLnV0\S8JQBJKO.pdf,PC-5018
C:\WRF3534\E0905V7D.doc,PC-7714
C:\Q5JI6FJ7.pdf,PC-3471
C:\41YrmP0\K6R1EV7Q.doc,PC-7182
C:\64g7m75\7PDRRPYO.pdf,PC-2444
C:\CJH0382\ULB113Z7.doc,PC-8371
C:\143wr89\SFCPJI4M.doc,PC-5738
C:\BAG2641\HANULZ3M.pdf,PC-8722
C:\64nx7p2\9UHH7QYA.pdf,PC-1231
C:\99m35Q6\0UBXYKBJ.doc,PC-2402
C:\DRC2296\0P7Q4J5U.pdf,PC-9438
C:\96w2qQ4\EAP4EKHS.pdf,PC-0943
C:\YBP3978\5Q6QDVG4.doc,PC-1651
C:\ARF0575\RETA6PMU.jpg,PC-0243
C:\U9177JZK.zip,PC-5303
C:\FCM3792\H17I4G6C.doc,PC-9252
C:\8YZ8N28F.doc,PC-7941
C:\6WLWTFLY.pdf,PC-9981
C:\O1225VGY.doc,PC-4794
C:\Y0NLZOVH.doc,PC-2364
C:\61d5517\ZNJ9LFOF.doc,PC-6535
C:\GDM3960\IOLYNWR5.doc,PC-7415
C:\UHJDFS7X.zip,PC-9806
C:\D95SMMUK.doc,PC-0050
C:\63C1B35\75GWL2KZ.pdf,PC-2428
C:\EWF4Y1BS.txt,PC-7171
C:\45t6Z45\FUSFOV6U.doc,PC-6389
C:\HJA0779\LH8XSVU1.doc,PC-4887
C:\DWWIQC9V.jpg,PC-5299
C:\95H53h6\R0F6OXZH.doc,PC-3134
C:\35X6ZQ4\0HVMKRE8.exe,PC-5857
C:\47M6Z1V8.pdf,PC-3709
C:\383Ytg8\LCZRIKD7.doc,PC-2359
C:\KQW0164\614ZGBZF.pdf,PC-9079
C:\GJM0065\80AA50F6.doc,PC-3526
C:\CFL0156\GPM13F74.doc,PC-8841
C:\SEN0534\KWCEH79U.doc,PC-1977
C:\TJP2817\NY9EPFUK.doc,PC-3059
C:\14Z6497\1MEJ7ZS4.doc,PC-5043
C:\CGM2036\TWE04OSN.doc,PC-3060
C:\ZBB5CDQF.jpg,PC-0782
C:\GCHA4GKL.pdf,PC-4365
C:\ARZ3464\5G2XNO57.pdf,PC-7507
C:\62Y5Tw4\NH7XUAUL.pdf,PC-9185
C:\QBL9GEMZ.pdf,PC-0542
C:\74N5SL4\TT8N3VC7.pdf,PC-9662
C:\75NWJ81\46KHEG5H.txt,PC-7947
C:\IAPL0Z2G.zip,PC-1997
C:\FMC1002\FBJTA7JK.doc,PC-1123
C:\EDV1427\KYU6TSHM.pdf,PC-3067
C:\2UCU2D7F.pdf,PC-8639
C:\GRP0277\82CCMS2B.exe,PC-2590
C:\CNP1183\XR2MM78N.doc,PC-4745
C:\AVV2056\G2RV92TH.doc,PC-1090
C:\IPS0385\UKVT58J4.doc,PC-1987
C:\7FAOCRSN.pdf,PC-0022
C:\GXCFEWL1.doc,PC-6919
C:\T1IOP4H9.pdf,PC-4551
C:\53Qf663\F8LKYZ05.doc,PC-8470
C:\CAR2748\YT1JW9WW.pdf,PC-1078
C:\987vK49\YIKV12B1.doc,PC-4968
C:\779skS8\MO003ZO0.doc,PC-9320
C:\21wZc41\S9HITTZL.jpg,PC-5449
C:\19RYx91\V5DT40AY.doc,PC-4723
C:\CID3774\UWWOL243.doc,PC-7258
C:\KOE0908\WXI98VFQ.doc,PC-4924
C:\BOV1609\IVB6FOD6.doc,PC-3155
C:\BCC2536\BERTO7LG.doc,PC-0256
C:\SKVSIQLP.doc,PC-2179
C:\U2P5P41X.pdf,PC-9099
C:\PLH0411\ALKD3L2F.doc,PC-3189
C:\RSR2681\292T9B25.doc,PC-1713
C:\JDB3127\Q00BOQDZ.doc,PC-0686
C:\3KN5V3GB.pdf,PC-0167
C:\TAC3425\2QGZMKOY.zip,PC-7247
C:\883lMS8\CLCA83Q8.zip,PC-7678
C:\115yZG8\HLIPJ1UR.jpg,PC-2423
C:\R9LI52P1.doc,PC-0355
C:\MHG3749\83TY9CCZ.zip,PC-0280
C:\QCD0386\UZG47B9H.pdf,PC-9878
C:\BAB0541\JGYG7PR4.pdf,PC-7839
C:\MBR3261\X47HYQVT.doc,PC-7635
C:\63K27w6\OMNHGJGF.doc,PC-4008
C:\TIE1175\HR1IAZ20.doc,PC-9845
C:\MSP3845\T8MLP6QU.txt,PC-7302
C:\56S6Z45\G0VU8AJ6.doc,PC-7905
C:\LMG1061\0S81KM8N.doc,PC-4278
C:\HBM0676\4FKN38JN.doc,PC-5888
C:\458GcF8\PRQ9M1CL.doc,PC-0668
C:\S698RB51.pdf,PC-2955
C:\16LEZ8TX.doc,PC-2426
C:\MAH0590\TDLFOV6K.pdf,PC-7722
C:\56M88P6\T54ADMJ1.doc,PC-9806
C:\E9TFAOKT.txt,PC-8103
C:\OXGIE37J.doc,PC-9798
C:\FDD3893\LAP9JB2U.doc,PC-5776
C:\XGQI0CNL.doc,PC-6362
C:\TCB0550\ANYAXQKI.doc,PC-6190
C:\97zv9Q2\PC4HGG8U.doc,PC-0419
C:\21wZc41\920M2S0R.pdf,PC-5449
C:\KKS3790\WDV7C14K.pdf,PC-7411
C:\CA272LIY.doc,PC-7983
C:\CAR0992\LPWIB5W9.doc,PC-9203
C:\H180U0ES.doc,PC-7393
C:\REC2555\BIH3H6Q7.doc,PC-8429
C:\93p59h6\C0D2WFWB.doc,PC-8198
C:\6J0XBJFU.zip,PC-6980
C:\CAP1971\TI6ESIXS.pdf,PC-3410
C:\MCF3187\T03JBAUM.jpg,PC-5089
C:\BTB0489\R6LOUF41.doc,PC-2294
C:\DHG1830\9O1BH096.doc,PC-6845
C:\E1JHMQMT.pdf,PC-7416
C:\JDC3713\T80ZKY3V.txt,PC-5424
C:\HE44ADN2.doc,PC-0434
C:\UMS0883\SAAIQTR3.txt,PC-7687
C:\KMB3003\TTZAKK6D.doc,PC-7925
C:\KEOJJFHC.doc,PC-7640
C:\ETBHDVGD.pdf,PC-6239
C:\99gxXv0\193I4GRR.pdf,PC-7774
C:\13yl723\4MND74F1.doc,PC-5774
C:\HNB2571\DHYJAXBB.zip,PC-4445
C:\DBC3871\SJC2FWRE.doc,PC-4703
C:\57H8yx4\JYMQ2L7T.pdf,PC-2230
C:\881kgn8\DBBHZZZQ.doc,PC-7879
C:\99mWf21\LGMCTZ50.doc,PC-0619
C:\F2OP43HG.doc,PC-2293
C:\AKH1534\0CBHJ7EQ.doc,PC-1866
C:\ASG0072\0T0YJSN0.jpg,PC-4895
C:\71Mj483\FZZVS139.doc,PC-3295
C:\33wT453\N72TTT8W.doc,PC-4933
C:\26RXk11\42THM647.doc,PC-1403
C:\83Wgv51\1REDQGKW.doc,PC-6427
C:\36Pd833\2WRA0QXK.doc,PC-7530
C:\32btS71\AWPMFP6G.doc,PC-2661
C:\RCH3740\3CKJZCNN.doc,PC-1669
C:\OJK782AY.doc,PC-5412
C:\J5AYQ4YO.doc,PC-4959
C:\82gR2C2\PD6ZX02J.pdf,PC-1521
C:\QVEPUVGP.doc,PC-3090
C:\68G2Hc4\G48A7AM3.txt,PC-8473
C:\FHA3387\QHULEX9Q.doc,PC-7770
C:\LWV1525\J0VAINUD.doc,PC-8501
C:\MBL2383\P9DISDYB.zip,PC-6590
C:\54vmX21\H9BD8XFD.pdf,PC-4886
C:\18C6XF4\3PMWM89A.pdf,PC-8088
C:\61d5517\DVS6WZYQ.doc,PC-6535
C:\43xmyN0\OJ8HJ3DK.doc,PC-0591
C:\L1C202XW.pdf,PC-6885
C:\A20W5TRQ.doc,PC-3165
C:\IBO8IW6H.txt,PC-3573
C:\5G51S3VC.doc,PC-3490
C:\73zm8c2\C9JG4GQ6.jpg,PC-8941
C:\385gdN8\HSV2X428.doc,PC-6750
C:\5RGZ0F5X.doc,PC-7678
C:\2OIC8EV5.pdf,PC-5942
C:\YMRCPSTB.doc,PC-1305
C:\LQNBO0TP.zip,PC-6094
C:\JTV2654\OKEHRFNK.doc,PC-9045
C:\9A72X8DJ.doc,PC-5592
C:\54g5P25\0H6ZBG00.pdf,PC-2966
C:\HTC1750\WWXWG138.pdf,PC-8999
C:\95z6887\U7W4OMMZ.doc,PC-5770
C:\LCF1216\PD8WB3KS.doc,PC-4777
C:\786jS69\F8W67FR8.pdf,PC-3295
C:\28LYIJMS.exe,PC-9350
C:\18cJn11\6H539QAK.doc,PC-6503
C:\VHWZVMF7.pdf,PC-6326
C:\658PC99\F20F1SUQ.pdf,PC-6405
C:\KSM1772\QHWM0A4Y.doc,PC-7881
C:\439zb69\G52PZ0SS.doc,PC-2216
C:\AKB3530\UP4F4KYO.jpg,PC-6633
C:\815JXL8\7J0ZTSQ5.doc,PC-0787
C:\E32P6B4E.jpg,PC-1241
C:\DTL2891\E9OKR55H.pdf,PC-6142
C:\HJW2646\XC1AC8UX.doc,PC-7382
C:\JCC0571\WIDBUFRS.doc,PC-9685
C:\413FW49\SG9Q871B.doc,PC-7659
C:\ZXIK36ZU.pdf,PC-1210
C:\12c2Yl4\5ZKZX5B5.doc,PC-3607
C:\96y4Qc4\FJTEGIOR.zip,PC-6887
C:\3EE8ZVRQ.doc,PC-9797
C:\56ZPJ08A.doc,PC-5881
C:\34vB2t2\3JP3GVZT.doc,PC-4625
C:\77BYLF0\19MQ6B70.txt,PC-8043
C:\86QjN41\UC01EJTN.doc,PC-8211
C:\FB0TW7F2.zip,PC-6363
C:\6E2K1G8G.doc,PC-5392
C:\68n7M25\EVGXII07.doc,PC-3780
C:\119HH29\GP4VU0Q8.doc,PC-6210
C:\81pQ993\M7TY8IRZ.doc,PC-0270
C:\43wkz41\ZWT39A0I.zip,PC-4548
C:\92k12w6\CIMESZXB.doc,PC-4827
C:\RRM3789\AVTPLD1O.doc,PC-6507
C:\M8OVLK8K.doc,PC-9939
C:\91jzhv0\M9YB4I9Q.pdf,PC-0971
C:\5HGOU9E5.txt,PC-6059
C:\B4Y6EFNJ.doc,PC-5815
C:\S085FTA4.zip,PC-6268
C:\AFXC8Q5B.doc,PC-0789
C:\BB86EZDU.doc,PC-8300
C:\948zP29\2YOLGRFJ.doc,PC-2641
C:\KKB2094\J375VI8G.doc,PC-7055
C:\DER2162\1U4E12NB.zip,PC-8922
C:\KCH3095\N8AUDY1Z.doc,PC-1839
C:\CQS2883\SA0B9350.doc,PC-6220
C:\BRR2899\2KIUTXC0.pdf,PC-9473
C:\78m1T95\SMHYMVJJ.txt,PC-2046
C:\LEMC49EY.doc,PC-3591
C:\BRR2899\EPX48BOO.doc,PC-9473
C:\SAB0817\4MRYVGHY.txt,PC-3926
C:\CDM1097\HF3GZL2P.doc,PC-6626
C:\34p2497\E334BGGD.doc,PC-5232
C:\23St1J2\EFVH6Q8Z.pdf,PC-8500
C:\91PCT91\MY7EE5KZ.txt,PC-8679
C:\925hv69\FXC5OX9J.doc,PC-7675
C:\19WTKZRS.doc,PC-5022
C:\K4MIG91Q.doc,PC-1934
C:\394WwR8\KDXW585E.doc,PC-2294
C:\RKW2JTJS.pdf,PC-5183
C:\PSS2051\ZDF01CN3.zip,PC-8981
C:\3J8AJ9SJ.doc,PC-7862
C:\59rW713\RLWNLPVY.pdf,PC-6245
C:\I6BFVPPV.doc,PC-1308
C:\87y4657\KTCZBPI7.doc,PC-8595
C:\13kb873\5RA923CN.doc,PC-6751
C:\KBB0460\UIUVCGK9.doc,PC-2867
C:\AJS3021\3YD2X0PX.doc,PC-4517
C:\CWA2549\QHGYE43B.doc,PC-1037
C:\293Fqp8\6N4RRI6S.doc,PC-6411
C:\V83POM5N.jpg,PC-4725
C:\RCH3533\OA627S7F.zip,PC-5472
C:\XP26XB68.doc,PC-9628
C:\AAF0819\F32C6QNE.doc,PC-8894
C:\O3L85EHH.doc,PC-6077
C:\YVAAN794.doc,PC-8933
C:\2OYB98Y9.doc,PC-6051
C:\FHM2067\ODOMGRT3.doc,PC-6756
C:\3EPHPM8Z.doc,PC-9266
C:\7KQNGADP.doc,PC-8547
C:\DKM2980\XS45C3ZT.pdf,PC-2612
C:\HAG3196\9586R3TB.pdf,PC-5594
C:\LIRR94IM.zip,PC-7030
C:\83tvy91\M3846RJ5.pdf,PC-5863
C:\971WX59\06WOCOWA.pdf,PC-3783
C:\59rW713\O4XGUDST.zip,PC-6245
C:\43X1377\1VN7HW5D.zip,PC-6138
C:\977kY59\5X69T1Y9.pdf,PC-2341
C:\CM3JNRLQ.doc,PC-3067
C:\382BFq8\F5YXRUGM.pdf,PC-6487
C:\73C6dz4\Z3ML18NM.doc,PC-6258
C:\57Ml513\GNX7TM7Z.doc,PC-4609
C:\C9AK2B0Z.doc,PC-1341
C:\989RVm8\Q8OES4V5.jpg,PC-3853
C:\SLB3039\F0OG1CXR.doc,PC-7407
C:\JBB0847\8YBFMYQE.doc,PC-6471
C:\66R8cv4\TM3IXJV0.pdf,PC-2327
C:\YO0ZZU7X.doc,PC-1301
C:\22wkPX0\DOZO51GX.doc,PC-3161
C:\LMB1077\EQO7VAHI.doc,PC-6984
C:\NGB0066\F9TP4PQG.doc,PC-0086
C:\25j1Ns4\38PEMIGC.doc,PC-9883
C:\13h4hL4\7FCXNMGV.zip,PC-9645
C:\441xs69\NBPY2SJS.doc,PC-0197
C:\526nhn8\88YW0ABY.doc,PC-8431
C:\LB3GVGLP.doc,PC-5888
C:\UCLMDAF7.txt,PC-0994
C:\462XNh8\IQTHDDSY.doc,PC-6470
C:\486LYk8\8H3KLO6K.jpg,PC-9728
C:\6NVY4PF9.doc,PC-6974
C:\T6LOLLB3.doc,PC-8441
C:\84sr8g2\6ZQUNZDF.doc,PC-6454
C:\63g9h75\MCRGHWDH.doc,PC-9240
C:\75F9rB4\2XMPBKRA.doc,PC-8689
C:\MM6DNBHY.doc,PC-2387
C:\54Jc8x2\QTR9C06G.pdf,PC-4288
C:\44by5j2\T5D2295L.pdf,PC-0747
C:\319zn19\W820CD2I.doc,PC-7820
C:\125QFr8\5PAVZW8Z.doc,PC-3579
C:\52T8m85\GERULLM3.doc,PC-9408
C:\CJH0382\Z83NCW43.pdf,PC-8371
C:\JIB2606\YYTQ15W1.pdf,PC-5224
C:\91BYnV0\SEULS2I6.jpg,PC-1919
C:\F877ZEA8.doc,PC-4938
C:\87FXMK0\R94I2QJL.jpg,PC-3088
C:\CLFU4WVQ.doc,PC-4170
C:\0F19X3AV.doc,PC-4047
C:\RFE5RE1U.doc,PC-3893
C:\36cv973\XNUYPZTD.doc,PC-7982
C:\G10U4JGW.zip,PC-4491
C:\JEH2787\0Z817BU5.doc,PC-5576
C:\N5CLTTDD.doc,PC-0256
C:\84Tt963\C23D4R9Y.pdf,PC-0019
C:\JLC0216\4WN35KYF.doc,PC-3253
C:\2WYDJLGW.txt,PC-0514
C:\JLW3598\UEJZDQT7.doc,PC-6910
C:\776KkS8\DKGAD7C9.pdf,PC-8672
C:\AXL0479\0FWJ12JS.jpg,PC-2113
C:\CJM3315\STDSPTDA.doc,PC-0055
C:\DEL0913\KGX6698R.doc,PC-9275
C:\56McRL0\9KGPRY4J.pdf,PC-4614
C:\99nS3K2\9K7XSKDT.doc,PC-3579
C:\75Tdd11\5QE16IP5.zip,PC-3933
C:\VCV1353\KYGYSKRZ.doc,PC-8209
C:\882ZwT8\4BEORZM8.doc,PC-1419
C:\28ms793\08MCTAWJ.doc,PC-3233
C:\MGM0569\V293XGB1.doc,PC-5366
C:\NBW2810\HI0ZBCTN.pdf,PC-6065
C:\AI6TJO59.doc,PC-7681
C:\DOM0586\7VPK85F7.pdf,PC-9943
C:\JSB0320\DJ17JZCM.jpg,PC-6533
C:\RAS0223\UC15BTIR.jpg,PC-4768
C:\GNH1735\1M9IBGHE.doc,PC-8251
C:\492SWc8\3R3UDAPC.doc,PC-9546
C:\11rPk11\PNOCX23O.doc,PC-0601
C:\25Dp8k2\GOA26HEY.pdf,PC-7186
C:\61QB623\N84X2DJO.doc,PC-2811
C:\44v4917\NTPJ77W9.pdf,PC-2746
C:\94n1357\D0W4AM19.pdf,PC-1308
C:\53g1b55\W2BQB7CY.pdf,PC-6433
C:\ZG06A3O8.doc,PC-3031
C:\68s63L6\0B1GU27Z.doc,PC-8495
C:\455zbG8\82HVF5XO.doc,PC-6165
C:\45ySk81\UZFTCN0M.pdf,PC-0053
C:\54d1ny4\YLABW522.doc,PC-3662
C:\RPS3617\QYNS12CF.doc,PC-5963
C:\82VGX11\ADY71TRB.doc,PC-5475
C:\THF2879\A0QLYIZG.doc,PC-2467
C:\68s63L6\2GZWCX3E.doc,PC-8495
C:\BLD2227\199VIL29.doc,PC-1210
C:\39q4W45\I92DS1N6.doc,PC-1069
C:\WDH0910\691EH7XU.exe,PC-9803
C:\573YlG8\IML8NMI8.doc,PC-4158
C:\87y4657\6O1SDDU1.doc,PC-8595
