id,date,user,pc,file_tree,activity
{F3G4-P1YB85DI-0115ZBZU},01/06/2010 09:33:30,TAJ0193,PC-5775,R:\;R:\576zD29;R:\97xZ313;R:\TAJ0193,Connect
{W6S2-Q1DR26CK-8864ZRIW},01/04/2010 09:51:27,ESS3318,PC-2607,,Disconnect
{B7B1-B9RL99PK-0649VIAO},01/05/2010 15:10:29,SSS3091,PC-2686,R:\;R:\179sT19;R:\84yNR81;R:\SSS3091,Connect
{Q4B0-H8HQ08JG-8968PNWZ},01/04/2010 02:01:06,KEF1057,PC-2940,R:\;R:\51N4427;R:\KEF1057,Connect
{E9E4-O1JC56RM-7625KCVG},01/06/2010 17:32:01,EDF2361,PC-7853,,Disconnect
{R5M2-U7HL41WE-5794BSZG},01/06/2010 12:30:04,ICH2378,PC-1546,R:\;R:\272VyR8;R:\ICH2378,Connect
{W7C4-E2GA73SD-5900XVBP},01/06/2010 10:21:05,ADB1105,PC-3024,R:\;R:\ADB1105,Connect
{C0W4-O7IC83EN-4197LAPQ},01/04/2010 12:17:00,BUS1727,PC-7632,R:\;R:\46q7457;R:\88nd4R2;R:\BUS1727,Connect
{A1W6-T7UC97AJ-5717QGQZ},01/08/2010 10:31:46,RDA3381,PC-2003,,Disconnect
{G3Z8-X3UF09VJ-0636ATAO},01/05/2010 14:04:18,JSN0214,PC-0472,R:\;R:\36t8By4;R:\JSN0214,Connect
{G5B5-Q2PP12KI-9502GSZX},01/04/2010 13:39:47,KMB3781,PC-9320,R:\;R:\16v8717;R:\324pBP8;R:\62JSW81;R:\KMB3781,Connect
{X3V3-N0QR98IO-3711XNIO},01/05/2010 13:29:57,AYS1628,PC-6487,R:\;R:\AYS1628,Connect
{T1B3-Z6AE33XM-4503MAYP},01/07/2010 13:27:39,KCM3235,PC-8522,R:\;R:\35L5b85;R:\63wT3c2;R:\94vR633;R:\KCM3235,Connect
{X6A8-W7MF44MV-1002UOIU},01/07/2010 13:01:27,MDG0019,PC-2991,,Disconnect
{V4J8-U0VV71YI-9403HCIM},01/06/2010 14:04:27,BKF0427,PC-1084,R:\;R:\78sp7H2;R:\86mGzD0;R:\86r5847;R:\97J4tS4;R:\BKF0427,Connect
{E9Z1-K8IG45UO-4562MWJD},01/04/2010 17:52:57,RMD0792,PC-9512,,Disconnect
{Y3X6-B8WV36DT-4407EROC},01/08/2010 09:36:24,TVS0520,PC-3367,,Disconnect
{K1G7-V8OB32XE-4147DCNO},01/07/2010 14:08:21,TDH0989,PC-7230,R:\;R:\148dz29;R:\TDH0989,Connect
{C4N3-G9YR63RF-3831TIQF},01/05/2010 14:02:08,GNT0221,PC-6427,,Disconnect
{J6X5-H6YU09QI-5520MJKV},01/02/2010 13:20:33,XCL1792,PC-7186,,Disconnect
{I3M2-R9BY22RR-9546LRGA},01/06/2010 06:56:16,JHK3122,PC-4288,,Disconnect
{M6G1-I7XE54QT-1190PWJV},01/05/2010 12:30:21,LPC2011,PC-0281,,Disconnect
{I1Q1-C2SZ06IW-7326QAWT},01/08/2010 08:49:47,CTB3481,PC-8748,,Disconnect
{E1M3-G2EH67OW-4685JHLK},01/07/2010 15:34:24,OSC1925,PC-7224,R:\;R:\35X4s45;R:\42wB8x2;R:\883kP39;R:\OSC1925,Connect
{J3F7-K2JC72LL-2843SFWT},01/05/2010 16:03:54,SRB2276,PC-5164,,Disconnect
{U6U9-H5GO56WC-1692PIDS},01/07/2010 13:24:38,AEB3574,PC-1537,,Disconnect
{M8I9-R5LT84OO-8004WYAE},01/07/2010 12:28:52,BRG3267,PC-8439,,Disconnect
{H6O8-H4QP29PD-7057QUBL},01/06/2010 08:16:08,CEC1352,PC-7905,,Disconnect
{F8Q0-Z5VU83OL-5328EBFZ},01/08/2010 08:54:24,QRJ1597,PC-5898,R:\;R:\38r5797;R:\585qK89;R:\QRJ1597,Connect
{N1D2-K1MZ12WQ-1162MLIX},01/04/2010 13:55:09,GRY1398,PC-3048,R:\;R:\488Rfb8;R:\628cy29;R:\GRY1398,Connect
{T7K7-A9BZ82JU-5344FDZB},01/04/2010 14:32:25,JCL0446,PC-6384,,Disconnect
{W2R8-H4WH26WJ-2063VMYG},01/07/2010 16:13:37,LCP0344,PC-0780,,Disconnect
{N8L8-P4MW69NW-2720AIQF},01/07/2010 13:55:50,PNH1444,PC-6885,,Disconnect
{N2Y1-Y8RO17BX-5871YWHW},01/06/2010 14:11:56,FCM2190,PC-3931,R:\;R:\FCM2190,Connect
{S3G7-J3NE47LD-7962ECUH},01/06/2010 11:09:33,USF1753,PC-9328,R:\;R:\34N8367;R:\38Mt973;R:\46n1H35;R:\USF1753,Connect
{I0Y3-Y4BG93BC-1603YQWV},01/06/2010 13:02:36,SDH2394,PC-5849,,Disconnect
{L9U4-J7HG56WS-4414VKQT},01/06/2010 17:14:18,HGD1664,PC-0180,,Disconnect
{B7T6-R4AY43IM-4055LUTD},01/04/2010 13:25:55,THH2751,PC-1098,,Disconnect
{N7L3-P6KV09WT-3813HJBY},01/08/2010 08:11:18,AOC0982,PC-0721,,Disconnect
{V6Q5-R4VO35TZ-3102IROU},01/07/2010 15:13:43,NJM0440,PC-0411,R:\;R:\NJM0440,Connect
{K8G6-X8HE10PT-0578JCJJ},01/07/2010 10:37:04,RPH2326,PC-8723,R:\;R:\15gZ443;R:\22mB7k2;R:\38v62m6;R:\RPH2326,Connect
{U7R7-G9OQ45PR-3118EIAP},01/06/2010 09:03:10,DAM0096,PC-7806,R:\;R:\28r18G6;R:\88JQLZ0;R:\993LJ49;R:\DAM0096,Connect
{M9N3-K4YW12HV-7422WVXO},01/05/2010 10:01:41,ECS3353,PC-6657,,Disconnect
{K6A3-X8NG18AK-2088MAHT},01/03/2010 14:43:35,LLT0291,PC-1250,,Disconnect
{R9H7-I7WZ27KX-4028YRCG},01/07/2010 13:34:00,IMS0862,PC-1101,R:\;R:\61L23p6;R:\98HH5l2;R:\IMS0862,Connect
{C4U8-M0OO86YJ-7030MLMM},01/08/2010 10:26:42,ICH2378,PC-1546,R:\;R:\272VyR8;R:\ICH2378,Connect
{L4L5-G1CA73KC-7734GQSJ},01/06/2010 15:11:27,RPH2326,PC-8723,,Disconnect
{N3J3-Y5PZ86GP-8414QCGX},01/04/2010 13:57:39,ATT1191,PC-2057,R:\;R:\299Vq39;R:\92Qqr11;R:\92yXz81;R:\97bDZ21;R:\ATT1191,Connect
{C9G1-V1LL78GV-6192TPHJ},01/07/2010 12:13:25,RPH2326,PC-8723,R:\;R:\15gZ443;R:\22mB7k2;R:\38v62m6;R:\RPH2326,Connect
{L1F0-Q6WD68PX-9765BLZS},01/04/2010 14:46:33,TVS0520,PC-3367,,Disconnect
{K9V8-E2YV73TY-4048LZYT},01/07/2010 09:40:32,MEB2241,PC-5842,,Disconnect
{N1K2-M6KQ92TY-9187JOOG},01/07/2010 11:19:18,TGP1343,PC-6751,R:\;R:\21JD983;R:\38q7Mn4;R:\TGP1343,Connect
{E7J0-V3MM27AJ-4312LNOU},01/06/2010 17:12:17,DMB1429,PC-4890,,Disconnect
{J8Z6-D2JC03QB-5126QEVJ},01/06/2010 15:49:00,BMN0178,PC-0521,,Disconnect
{Z4Y2-C3DN66OG-0796PVBA},01/03/2010 14:33:58,PJC1252,PC-7983,R:\;R:\77Vq1S2;R:\84Jsh71;R:\85w9V65;R:\87wC4l2;R:\PJC1252,Connect
{B9D6-E4HB33UU-6644AQRJ},01/07/2010 15:57:01,HJD3439,PC-7083,R:\;R:\HJD3439,Connect
{E5H9-H9TN84GD-7087EOUR},01/06/2010 00:41:15,KEF1057,PC-9066,,Disconnect
{T1K1-C8JA69RB-1405AOPQ},01/06/2010 10:44:06,AKB2312,PC-0937,,Disconnect
{Y1S2-M6IU59BI-9021SEWP},01/07/2010 11:35:33,AFP2709,PC-3154,,Disconnect
{V2V7-G5FI99FW-3488QOKY},01/07/2010 14:52:01,BMC3636,PC-5581,R:\;R:\46FF623;R:\83NM223;R:\93F88Z6;R:\96Y31M6;R:\BMC3636,Connect
{S0R4-M4FB71VM-5608TIDB},01/05/2010 12:42:59,JJH2332,PC-1614,,Disconnect
{B8J9-H3LQ46SW-0506PYAO},01/06/2010 09:15:47,SAM3855,PC-2428,,Disconnect
{Y1X5-Z1FN75GS-8014IGGA},01/07/2010 14:36:28,KEM1208,PC-4614,,Disconnect
{G4A9-A5SD05QE-2968XNRK},01/07/2010 16:20:07,PDG2607,PC-5677,R:\;R:\18X5937;R:\48WTgR0;R:\PDG2607,Connect
{W0T5-N6AH49OF-5052IVPB},01/05/2010 11:23:03,IMC3296,PC-2659,,Disconnect
{S3G3-R1CX38VL-6350RBRT},01/07/2010 09:11:37,VDI1217,PC-7996,,Disconnect
{O6L1-X3TH83QI-5914CNFO},01/04/2010 15:35:35,TAJ0193,PC-5775,,Disconnect
{I5I8-C4MG19KS-4381WWXV},01/04/2010 12:21:58,VJB1928,PC-7171,,Disconnect
{X5L2-Q8WB73HW-2874GAFA},01/06/2010 12:57:43,SDH2394,PC-5849,,Disconnect
{K6W2-V2QT27UJ-4697TDSF},01/07/2010 19:43:06,CHM1561,PC-7046,,Disconnect
{F7L2-L0FW43QA-7033MCDH},01/05/2010 05:58:11,WSA1765,PC-0434,R:\;R:\WSA1765,Connect
{K4F9-G4BM11GZ-2738MPWM},01/04/2010 08:29:00,CCW2381,PC-8235,R:\;R:\38NZt61;R:\CCW2381,Connect
{L7I7-N6HV11VP-4817ARIR},01/05/2010 09:27:54,VKM2949,PC-4946,,Disconnect
{F0V0-J9CD05LZ-9090PSIH},01/06/2010 09:45:26,DDG0528,PC-0668,,Disconnect
{S5W2-Z9FM30BT-7682JVDQ},01/07/2010 12:40:30,WAC3677,PC-2241,R:\;R:\93t2797;R:\WAC3677,Connect
{J4G1-G4HV32QM-1259MASW},01/07/2010 15:40:48,MIC2325,PC-7190,R:\;R:\74M8J95;R:\MIC2325,Connect
{B2Y3-I4MW93SU-1262DSYK},01/07/2010 08:49:02,MCW0674,PC-3018,R:\;R:\MCW0674,Connect
{H6Y5-W5OW13GR-7362BIWL},01/03/2010 14:51:58,YNW2855,PC-0624,R:\;R:\34k9j35;R:\42W5C25;R:\493lzD8;R:\YNW2855,Connect
{J8R5-X5OE28BI-0682JAZC},01/04/2010 11:40:53,WRF3534,PC-7714,,Disconnect
{M3Z1-J7IP07CX-3150QYTK},01/05/2010 13:07:26,SAM3855,PC-2428,,Disconnect
{H2U8-A6JY27DE-2745QDZQ},01/06/2010 11:20:24,AKG2702,PC-1553,,Disconnect
{N3V3-P3AY16PX-1498ERPJ},01/05/2010 15:03:21,HAG3196,PC-5594,R:\;R:\298bt49;R:\42wK163;R:\65Gzn91;R:\67N36H6;R:\HAG3196,Connect
{W7V0-W2PG55JL-4373GGFB},01/06/2010 11:36:58,VPS3185,PC-3491,,Disconnect
{F0A1-Y8GI83MY-5446NWMY},01/08/2010 08:24:59,CHM1561,PC-7046,,Disconnect
{N1K3-U7PV14JF-3749CYTP},01/06/2010 14:03:48,CCW2381,PC-8235,R:\;R:\38NZt61;R:\CCW2381,Connect
{L5W8-V6LR12PF-1081DJPK},01/06/2010 14:28:38,ATT1191,PC-2057,,Disconnect
{B7Z9-C5RV92DL-2451JIWE},01/05/2010 09:46:52,PVV3999,PC-9445,,Disconnect
{D7N2-D5BQ70DK-1226XOIH},01/04/2010 16:17:43,DGS1079,PC-3856,R:\;R:\17J1997;R:\712TV69;R:\DGS1079,Connect
{K9V7-J6ER72LN-9410MSXR},01/05/2010 09:25:47,AGF0742,PC-5604,R:\;R:\59Yd9J2;R:\AGF0742,Connect
{I1K2-H9NO88OE-6091GFDC},01/06/2010 09:33:17,KLP0249,PC-8434,,Disconnect
{A0Y8-O3QA31HT-5129LIQA},01/05/2010 12:44:09,KBM3460,PC-5483,R:\;R:\19nWkl0;R:\KBM3460,Connect
{M3G4-P6HH91HX-1560NNQN},01/07/2010 13:19:46,QFP3467,PC-8089,,Disconnect
{N7I9-C1AN40YP-8595MTKV},01/07/2010 15:30:13,HIP0148,PC-3393,R:\;R:\246xRw8;R:\HIP0148,Connect
{J7S3-Y5QS39KX-6823ZBSW},01/04/2010 08:16:24,CJM0273,PC-3471,,Disconnect
{R4B1-L2HX00HH-7547ZEOO},01/06/2010 15:09:19,HGD1664,PC-0180,R:\;R:\22S3Yc4;R:\HGD1664,Connect
{C1V3-I5UX09CH-8151YWUU},01/06/2010 14:18:57,NJL2478,PC-8148,R:\;R:\51K5yd4;R:\599Jzp8;R:\63Ll6k2;R:\92m8357;R:\NJL2478,Connect
{P7S0-N0ZD81MB-0966ETFR},01/07/2010 10:39:54,WAS2214,PC-8149,,Disconnect
{D2D5-R4GO53LV-6135IOYM},01/06/2010 18:03:57,CCN2726,PC-6879,R:\;R:\19Hp7d2;R:\55n53r6;R:\CCN2726,Connect
{R5Y2-C1XZ19ZU-2030QAUN},01/08/2010 07:40:13,HAR3571,PC-0072,R:\;R:\HAR3571,Connect
{B1R6-V3NT03DD-5750AZFK},01/04/2010 10:01:57,XGB1528,PC-0178,,Disconnect
{H8T1-A0ZM22IA-8720CKTX},01/07/2010 10:20:28,GTC0747,PC-0870,R:\;R:\GTC0747,Connect
{N6V1-E4CZ18KI-3027QEBF},01/04/2010 15:12:12,TVS0520,PC-3367,,Disconnect
{O1B8-Y8XO81NF-5404FBXZ},01/04/2010 15:32:24,CRL2357,PC-1499,R:\;R:\25m2317;R:\27tG533;R:\98c8q35;R:\CRL2357,Connect
{K8P3-R2JI40AQ-7614UTQN},01/06/2010 10:15:16,DHG1830,PC-6845,R:\;R:\12sFs11;R:\74VjZn0;R:\79CN523;R:\881kkh8;R:\DHG1830,Connect
{T8E0-M3DG70SP-8742JNQU},01/04/2010 16:11:12,OED3393,PC-8007,,Disconnect
{P9S6-B9HY45IL-4203KISM},01/04/2010 11:28:51,MCH3354,PC-0932,R:\;R:\93v6lF4;R:\MCH3354,Connect
{A7F5-G6KV97AM-9431HAJC},01/06/2010 13:06:19,IRC3952,PC-0936,,Disconnect
{E0X4-D4ND98PI-0829THRN},01/07/2010 13:50:07,LFR0075,PC-1308,,Disconnect
{D2K2-T0FU38EB-6721ACKS},01/06/2010 10:09:21,GYH3476,PC-2813,R:\;R:\37S4sH4;R:\44m3927;R:\67C88m6;R:\83vl193;R:\GYH3476,Connect
{T3Z0-Y6BU21RO-7305DLZO},01/04/2010 11:03:42,MPS2849,PC-3655,R:\;R:\MPS2849,Connect
{H8V1-T9KM56QV-0164ZQMX},01/06/2010 14:10:12,QFP3467,PC-8089,R:\;R:\79z7267;R:\QFP3467,Connect
{E1Q4-G7HI42OH-8840EQFT},01/06/2010 00:04:28,CAM3050,PC-3331,,Disconnect
{Q4N8-V4NY64XG-4511URPY},01/04/2010 15:23:24,JDM1042,PC-1105,,Disconnect
{I5D3-V6BE95MR-1597EPTT},01/08/2010 10:13:02,PVV3999,PC-9445,R:\;R:\438Zj39;R:\PVV3999,Connect
{H8M1-I5YE52ZF-1464JBNS},01/06/2010 13:31:41,MBH1370,PC-5060,R:\;R:\29r4587;R:\59cPhn0;R:\MBH1370,Connect
{Z6M6-L6LQ55UF-8199SSBH},01/06/2010 13:42:21,AAP1919,PC-5958,R:\;R:\374WV79;R:\71cHf61;R:\893yl29;R:\AAP1919,Connect
{D8N0-Y0LR16HA-4415BTXW},01/05/2010 17:32:36,CTB3481,PC-8748,R:\;R:\353pYv8;R:\61hBz31;R:\CTB3481,Connect
{G1P9-T8SP53DN-2113JALB},01/06/2010 09:42:36,MFK0902,PC-9063,R:\;R:\411sR89;R:\57ScTf0;R:\73Kgtd0;R:\75Mk1n2;R:\MFK0902,Connect
{L9X3-L0AH25AB-7586LLAQ},01/05/2010 12:44:58,ROH1347,PC-1449,,Disconnect
{S6K0-E3DC59YV-7163AVPT},01/04/2010 13:45:57,VKM2949,PC-4946,,Disconnect
{Z7H5-R6HN15VH-9868CWSY},01/05/2010 15:03:46,TDR0111,PC-0961,R:\;R:\TDR0111,Connect
{W5W8-C8CY34WB-6221DZXO},01/04/2010 13:44:53,OED3393,PC-8007,R:\;R:\968tD29;R:\97bY243;R:\OED3393,Connect
{U1P5-U4RZ17UC-2991UUVF},01/04/2010 16:50:33,XCL1792,PC-7186,,Disconnect
{S8F8-Y2GX64BI-3908LBXI},01/05/2010 12:25:59,TKS1549,PC-5128,,Disconnect
{V8C5-D7BF32EE-1501JVTO},01/05/2010 16:37:01,JDM1042,PC-1105,R:\;R:\84xF4F2;R:\JDM1042,Connect
{S1C1-T7KW49YD-8738UEIK},01/04/2010 10:27:34,REJ2666,PC-9016,,Disconnect
{A8H2-I2QA05EW-2091YTAO},01/05/2010 13:00:05,TVC2918,PC-0993,R:\;R:\958Gzc8;R:\TVC2918,Connect
{K0B3-J4QK74TT-1827DORQ},01/05/2010 08:37:17,GNC2237,PC-6077,,Disconnect
{Q2I2-G1LV42NN-6099NAHU},01/06/2010 12:42:20,ANB2766,PC-2831,R:\;R:\45s35f6;R:\99R28w6;R:\ANB2766,Connect
{M9J0-S6BW54XW-1675ZGWE},01/07/2010 10:55:27,LPC2011,PC-0281,,Disconnect
{O7Z0-P5DO53JF-4956ZKBQ},01/05/2010 18:18:54,LCW0047,PC-1035,,Disconnect
{X0T9-I0WP85CC-5626PSQP},01/06/2010 12:40:32,CTB3481,PC-8748,R:\;R:\353pYv8;R:\61hBz31;R:\CTB3481,Connect
{J5L5-W8EE02ME-5497DRCV},01/04/2010 17:40:56,LCW0047,PC-8330,,Disconnect
{N6K4-Y7PS57MD-1286WGUJ},01/06/2010 11:24:40,JCP1462,PC-7135,R:\;R:\45CS6d2;R:\79Z31t6;R:\JCP1462,Connect
{R1B0-I8BS09SI-5577BCPP},01/06/2010 13:35:37,JJH2332,PC-1614,R:\;R:\56Fp2C2;R:\81QN933;R:\JJH2332,Connect
{Y4L9-M4TD75WM-7088RFGV},01/05/2010 16:27:31,JCS2391,PC-0419,R:\;R:\494vJ19;R:\51pFR21;R:\JCS2391,Connect
{A1N5-E1DU59GI-5875ORGD},01/04/2010 14:35:52,USF1753,PC-9328,R:\;R:\34N8367;R:\38Mt973;R:\46n1H35;R:\USF1753,Connect
{Q3A4-Q0LH79WL-3338QRGH},01/07/2010 12:32:52,RTN3680,PC-8552,,Disconnect
{D4O5-C9EK36MK-3828SKOC},01/07/2010 14:55:30,LMH3831,PC-8433,R:\;R:\LMH3831,Connect
{R0P5-A1KL43HP-4735YHVG},01/07/2010 15:19:13,QBR2250,PC-5642,,Disconnect
{L8A1-L5NE21LL-1700QKVP},01/06/2010 16:31:19,QAH1315,PC-3767,,Disconnect
{R3P3-V8HP95OJ-6662RKQV},01/07/2010 11:09:31,MTP2675,PC-5798,,Disconnect
{P9G6-M4KA01UL-9252YJOS},01/04/2010 11:31:56,LCP0344,PC-0780,R:\;R:\15C2pl4;R:\36LRBb0;R:\67yn773;R:\82v2ST4;R:\LCP0344,Connect
{P4Z0-R2NY03FV-3569NKDC},01/04/2010 13:05:24,KDC0444,PC-6964,,Disconnect
{N7A6-D3EJ23SV-9902HNLR},01/05/2010 15:42:28,USF1753,PC-9328,R:\;R:\34N8367;R:\38Mt973;R:\46n1H35;R:\USF1753,Connect
{I0G4-N3VG93GU-2173MJBY},01/07/2010 15:14:00,ARV0704,PC-8043,,Disconnect
{D7U8-P1HK36VT-6216LBEU},01/07/2010 10:01:58,IBV1578,PC-0809,,Disconnect
{S8Y7-D2EK13BB-9646GEQX},01/07/2010 15:00:08,EZB3892,PC-8030,R:\;R:\296rP29;R:\74Lr3f2;R:\88Jz523;R:\937kFq8;R:\EZB3892,Connect
{O9B3-J9XP10KH-7771YVKW},01/05/2010 10:24:42,NGP0549,PC-3662,,Disconnect
{A4T3-L6JB60AN-2300FHOO},01/04/2010 09:42:28,DTG1294,PC-0327,R:\;R:\14gf5l2;R:\329cq39;R:\67f7Gr4;R:\72PnQ31;R:\DTG1294,Connect
{H6T1-M8VM39VF-7112IPLI},01/04/2010 16:40:03,WAH2778,PC-5702,,Disconnect
{B8S7-B0TG58XU-6312NPCV},01/04/2010 10:00:54,RAA1455,PC-7117,R:\;R:\46D6D95;R:\51Vrb41;R:\84q4JP4;R:\88l7W95;R:\RAA1455,Connect
{Q9M7-G9AX59GL-1894MMGX},01/03/2010 12:44:28,HMY0235,PC-7084,,Disconnect
{I2U7-R2AW65IK-7955NMFE},01/08/2010 08:57:01,ECS3353,PC-6657,R:\;R:\47gS713;R:\ECS3353,Connect
{K8E0-B3GU10UO-5215RMTA},01/06/2010 14:55:06,GAF2480,PC-7235,R:\;R:\GAF2480,Connect
{D0W5-E6GS30GR-5704QICW},01/05/2010 11:58:44,LAF2213,PC-3090,,Disconnect
{I2V0-J7RO59YX-5329CLDO},01/05/2010 08:25:31,TBD2008,PC-9046,,Disconnect
{F0V3-E0LV05PX-9110MOOC},01/06/2010 12:51:38,AYS1628,PC-6487,R:\;R:\AYS1628,Connect
{F1Q6-B9KX94AY-4379OLZD},01/05/2010 10:22:57,TVS0520,PC-3367,R:\;R:\12p8v85;R:\51HB2T2;R:\57dvYT0;R:\TVS0520,Connect
{N5Q4-B0QU04IO-6318LUNB},01/05/2010 09:49:40,AED1421,PC-0707,R:\;R:\31rWD71;R:\67jg5L2;R:\72WGC91;R:\96K4tT4;R:\AED1421,Connect
{F5Y1-R3EC88BI-8625OAHB},01/06/2010 09:06:56,DNM0275,PC-4453,R:\;R:\22QBzq0;R:\49M3g95;R:\79F1357;R:\96Hj5z2;R:\DNM0275,Connect
{D1K1-W4JJ34EO-8403TUNX},01/06/2010 07:45:14,BDJ3001,PC-4401,,Disconnect
{R9L3-P1DV89KK-9844FODX},01/08/2010 08:56:40,GKB2807,PC-6822,,Disconnect
{U9X3-J0HU81HV-1202IAZC},01/04/2010 15:49:54,DGQ3744,PC-0311,,Disconnect
{I6F7-D7ER80WK-9955QLDX},01/05/2010 15:32:53,RCF0054,PC-8708,R:\;R:\RCF0054,Connect
{A6O2-Y6ML51RH-5980JGXG},01/04/2010 15:55:46,AJS3021,PC-4517,,Disconnect
{Z0Q7-Q6GB39TV-7765AETD},01/07/2010 01:29:23,BPD2437,PC-9526,R:\;R:\BPD2437,Connect
{S5S9-Z0IG59PG-3688CYRA},01/02/2010 14:37:09,ROR3483,PC-4365,R:\;R:\177Qcm8;R:\81c5yB4;R:\87zJ233;R:\ROR3483,Connect
{R7E8-N6UF94LU-1890OTTC},01/04/2010 14:59:39,LFR0075,PC-1308,,Disconnect
{H5A2-W6CV12PS-4771CKVW},01/04/2010 18:40:56,JCL0446,PC-6384,,Disconnect
{U9D4-D1JR63JE-9180GAHZ},01/04/2010 10:11:52,AAP0352,PC-6708,,Disconnect
{H5Q4-X5NW13VO-5960JMSL},01/07/2010 09:41:37,DDG0528,PC-0668,R:\;R:\45Lw9d2;R:\643qkD8;R:\DDG0528,Connect
{T7B4-A4LQ77DY-0486NKYQ},01/06/2010 14:13:04,ROH1347,PC-1449,,Disconnect
{A9N5-S3PE73MQ-1755QQGP},01/03/2010 17:17:41,RCT1697,PC-5770,,Disconnect
{H6K1-P6CF89RU-4757LJGX},01/05/2010 09:37:18,PMH3484,PC-6983,,Disconnect
{E4F9-O8NK37NJ-1734SVWQ},01/05/2010 08:52:23,HNB2571,PC-4445,,Disconnect
{P4H3-T5RR76ST-5855LKXU},01/07/2010 20:44:28,LCW0047,PC-1668,,Disconnect
{R9N3-C7RB81FR-1610FEEZ},01/08/2010 10:24:50,CTC0859,PC-9691,R:\;R:\189XJ29;R:\CTC0859,Connect
{U5B8-C4RF41GY-3727JDZD},01/06/2010 15:41:38,APP2488,PC-1629,,Disconnect
{R2C2-N9UJ88EM-1274UVQU},01/05/2010 13:58:05,GDH2500,PC-9355,R:\;R:\14JJRl0;R:\32BwkH0;R:\GDH2500,Connect
{I4W0-V6XU66OA-8191TUNP},01/07/2010 14:31:43,MMC1084,PC-8112,,Disconnect
{G2L2-H4CS71ZT-5749XYGS},01/05/2010 17:17:58,MFK0902,PC-9063,R:\;R:\411sR89;R:\57ScTf0;R:\73Kgtd0;R:\75Mk1n2;R:\MFK0902,Connect
{D2H7-E9NT95VX-3485FFEA},01/08/2010 08:58:39,SMR0338,PC-0683,R:\;R:\SMR0338,Connect
{P1R2-N3OJ41JH-2542TYEK},01/06/2010 15:39:33,JMB2246,PC-6965,R:\;R:\97x39R6;R:\JMB2246,Connect
{F3U8-Q6FH17EZ-5771RAFJ},01/08/2010 07:46:56,CJH2411,PC-6760,R:\;R:\72gLl71;R:\95Xjx21;R:\CJH2411,Connect
{A5F6-L5UK89TA-6606GJMZ},01/04/2010 11:52:16,TCM2403,PC-2105,,Disconnect
{B6M5-X5DQ40EP-2414KNGD},01/06/2010 14:32:17,IWW0699,PC-4520,R:\;R:\IWW0699,Connect
{A8S8-X6JZ57XL-5244INHN},01/05/2010 13:08:17,JRR0769,PC-7787,R:\;R:\53S36c6;R:\72vCjp0;R:\795gB99;R:\91R5717;R:\JRR0769,Connect
{M4X8-B1FN57MS-0502XLUR},01/03/2010 11:31:35,MLW2240,PC-1960,,Disconnect
{E8L0-E6VA35AR-7515AJFW},01/06/2010 10:34:27,DBC3871,PC-4703,,Disconnect
{K0O0-B5BC10WP-1659CKTC},01/04/2010 17:17:07,AFB3228,PC-1951,,Disconnect
{P9S5-F5VI25YI-0309VIIB},01/05/2010 14:52:03,CID3640,PC-5401,,Disconnect
{K1I7-K2II06XY-2812NEPS},01/05/2010 12:25:13,AED1421,PC-0707,,Disconnect
{F0K6-J2ZK75FC-8322HBDK},01/07/2010 13:32:30,JKS2444,PC-6961,,Disconnect
{I6N1-O9LI88DU-2761DLCV},01/03/2010 13:51:20,RWS3699,PC-9819,R:\;R:\325QX59;R:\764wy59;R:\RWS3699,Connect
{W7E6-F9TA58PM-2158HLEJ},01/06/2010 12:30:55,ESS3318,PC-2607,R:\;R:\83HcQ51;R:\994GYK8;R:\ESS3318,Connect
{C4I4-P3PB82QI-2425NCEP},01/04/2010 09:06:54,RSS3182,PC-6697,R:\;R:\18WY6J2;R:\278sQS8;R:\32RZ553;R:\59ygS21;R:\RSS3182,Connect
{U9B9-H5HV01ZP-5806LJHM},01/05/2010 09:29:03,PWM0708,PC-5380,R:\;R:\15L4917;R:\23Nbpy0;R:\56HSHP0;R:\577CrC8;R:\PWM0708,Connect
{F7C7-F9BD63EX-5125LOPD},01/05/2010 16:57:59,RSS3182,PC-6697,R:\;R:\18WY6J2;R:\278sQS8;R:\32RZ553;R:\59ygS21;R:\RSS3182,Connect
{N1H5-C8EH54DZ-5857APTU},01/06/2010 13:58:44,BDJ3001,PC-4401,R:\;R:\43WTgN0;R:\87rRp41;R:\BDJ3001,Connect
{U5R2-D7II25VM-7097CJLR},01/07/2010 10:46:15,ICH2378,PC-1546,R:\;R:\272VyR8;R:\ICH2378,Connect
{H4V2-B8UI81VQ-9509ENEN},01/05/2010 08:36:25,MDH2713,PC-9421,,Disconnect
{V7I9-G3PH10IK-3906UHBG},01/06/2010 13:17:45,CSL0428,PC-5364,R:\;R:\31Jc2p2;R:\34fVxg0;R:\574qSj8;R:\91D7nq4;R:\CSL0428,Connect
{P3G7-G6RJ15VD-5342JTTE},01/04/2010 10:15:07,OED3393,PC-8007,R:\;R:\968tD29;R:\97bY243;R:\OED3393,Connect
{D6O5-J7IT69AL-7458FXKW},01/07/2010 11:31:26,RCT1697,PC-5770,,Disconnect
{A1Z5-T2MW31LV-0716TSKJ},01/04/2010 15:59:02,ECB1683,PC-9614,R:\;R:\ECB1683,Connect
{Q7R9-S5WR30KO-9078OBWR},01/06/2010 08:14:24,XCL1792,PC-7186,R:\;R:\11N1617;R:\54Vt3L2;R:\911Jx39;R:\XCL1792,Connect
{L1D7-Y1XV99WO-4125OYZM},01/04/2010 17:11:02,RVB0303,PC-3535,,Disconnect
{K6X3-H2NE65XD-9934EECY},01/06/2010 16:00:15,ADB1105,PC-3024,,Disconnect
{X9H8-X8YG96ER-3498HFVE},01/04/2010 16:07:21,NCR2854,PC-8271,R:\;R:\NCR2854,Connect
{O1I0-K3BH21QF-5933LWNJ},01/04/2010 08:57:09,AEB3574,PC-1537,R:\;R:\AEB3574,Connect
{R1G7-P0OX11TB-3181QGOW},01/07/2010 15:12:50,YDM1720,PC-1224,R:\;R:\11r6867;R:\32ZJ6Y2;R:\37PMM31;R:\62rWRp0;R:\YDM1720,Connect
{A8O9-O7XT50VC-6688LULT},01/07/2010 14:14:35,QKO2718,PC-7030,R:\;R:\456Mqj8;R:\QKO2718,Connect
{C7K9-L5OS26MN-4575ZQTA},01/05/2010 14:16:57,HCS2401,PC-3353,,Disconnect
{T0I1-T4NV73OY-2351SZCK},01/03/2010 18:06:17,FHA3387,PC-7770,,Disconnect
{R3E5-Z7EI43EH-7022HOTU},01/06/2010 17:27:22,WNW2002,PC-6583,R:\;R:\11JKvd0;R:\74rQRx0;R:\94ZG3P2;R:\WNW2002,Connect
{O6L8-W9FS49SL-3708ATYY},01/05/2010 09:39:28,BBT0062,PC-3304,,Disconnect
{U9I9-K0CV48PW-2919HHLQ},01/05/2010 15:50:11,XAB0627,PC-2560,R:\;R:\47k2347;R:\XAB0627,Connect
{N2D7-N0DA36KH-6090OJPW},01/02/2010 13:58:40,CBA1023,PC-1570,R:\;R:\42gY283;R:\48rr4y2;R:\59ntt61;R:\76xCQG0;R:\CBA1023,Connect
{H4D2-I9IR54ID-0963GVEW},01/07/2010 09:15:01,LTW1441,PC-2126,,Disconnect
{C4D5-V6NU79RJ-2469YLUL},01/04/2010 08:47:07,DHG0533,PC-3728,R:\;R:\DHG0533,Connect
{B6L0-Y8SO34WY-4165QWSN},01/06/2010 16:18:41,LUK1182,PC-0841,,Disconnect
{R2Z7-T5QB98VA-5437BPBO},01/07/2010 10:08:41,CAR2244,PC-0194,,Disconnect
{Z3G0-N9MU88ZL-7498IMAX},01/06/2010 11:23:37,VKM2949,PC-4946,,Disconnect
{S5Z5-S4IM90DT-9906KQIY},01/02/2010 11:07:11,ATH0225,PC-7844,R:\;R:\13x1p75;R:\27QJ5H2;R:\73ln1M2;R:\ATH0225,Connect
{Z2N4-O8YL98SJ-0400ZCZG},01/05/2010 10:42:31,SCM3407,PC-6577,,Disconnect
{Q6Q1-A4OZ51SI-9965PZAC},01/04/2010 18:48:48,DAM0096,PC-7806,,Disconnect
{Q7U9-Q5LR29CQ-6427WTSY},01/07/2010 11:26:30,MBH1370,PC-5060,,Disconnect
{Z5F3-F4LK76MT-3895FNPA},01/06/2010 15:01:40,CRM0139,PC-8757,,Disconnect
{W3C6-K1NQ18GV-0325WUIG},01/04/2010 08:34:43,TDV3188,PC-9264,,Disconnect
{K5O8-J6ID23ZE-2701AQDV},01/07/2010 09:35:10,JRR0769,PC-7787,R:\;R:\53S36c6;R:\72vCjp0;R:\795gB99;R:\91R5717;R:\JRR0769,Connect
{P2A3-I8AW56WZ-1981CYGZ},01/04/2010 16:06:43,DHG1830,PC-6845,,Disconnect
{I9X4-D2FX15OD-3063PBMN},01/04/2010 11:45:39,WRF3534,PC-7714,,Disconnect
{N6L4-L4XI26KV-6007WPUN},01/05/2010 13:30:52,FTS0246,PC-0884,,Disconnect
{A7P0-C6VI20UD-9279YFTL},01/04/2010 16:47:15,GTC0747,PC-0870,,Disconnect
{Q5D5-W9VZ36EO-9905WXVV},01/04/2010 07:39:36,GYH3476,PC-2813,,Disconnect
{D0Z1-S1GT56BW-3739MHMG},01/06/2010 07:58:19,TZY3133,PC-9358,,Disconnect
{N8M0-U6QI83GT-9404GQJM},01/04/2010 14:33:12,GDH2500,PC-9355,,Disconnect
{N1G8-Z3AQ81CQ-9027ECKK},01/04/2010 12:48:19,JTJ3700,PC-9048,,Disconnect
{C1U6-G9RB69OT-5908TGVE},01/07/2010 08:38:36,DNM0275,PC-4453,,Disconnect
{D2B3-H9XD11GY-9240UCIN},01/08/2010 10:39:03,RWS3699,PC-9819,R:\;R:\325QX59;R:\764wy59;R:\RWS3699,Connect
{Q2Q6-W6DG02RH-5797RTUF},01/05/2010 17:34:15,HQF1912,PC-4388,R:\;R:\23qm4F2;R:\HQF1912,Connect
{O8E9-F5ID79OM-1539CSSH},01/03/2010 15:26:24,PJC1252,PC-7983,,Disconnect
{F7D5-U4EN64IQ-7207FVWJ},01/04/2010 10:30:42,GNT0221,PC-6427,R:\;R:\GNT0221,Connect
{Q3L5-K8TC26FA-4871SWIR},01/06/2010 09:33:08,QBR2250,PC-5642,R:\;R:\36GNhP0;R:\69Pc4Q2;R:\93K6s45;R:\QBR2250,Connect
{Y9T9-R4PO82KA-7901UWSI},01/08/2010 09:54:44,EGD3972,PC-7344,,Disconnect
{L0Y2-S1IA70YY-8799QZMW},01/07/2010 15:54:19,TKE3293,PC-9905,R:\;R:\532lM49;R:\62VR7j2;R:\93NN383;R:\TKE3293,Connect
{R2J4-F9VG47SD-6071EERN},01/05/2010 08:30:44,HDN2609,PC-8185,,Disconnect
{X1I7-K1QY35JP-3058BBGS},01/06/2010 14:19:28,HKH0204,PC-0050,R:\;R:\67f3Gq4;R:\HKH0204,Connect
{I0I9-O1WQ04ML-6204XBBO},01/07/2010 08:50:28,ACV1946,PC-5274,R:\;R:\35V97M6;R:\97J8Zw4;R:\ACV1946,Connect
{A9E8-Z8RO97NU-2583XJGJ},01/08/2010 09:18:01,TFH0544,PC-4354,R:\;R:\27K5LJ4;R:\41g5B75;R:\82kLrX0;R:\97X1pj4;R:\TFH0544,Connect
{L6B2-M3JA18SC-2716XLDP},01/06/2010 12:16:04,DTG1294,PC-0327,,Disconnect
{E2S3-F3YF62XB-4964HLCV},01/03/2010 15:53:59,ROR3483,PC-4365,R:\;R:\177Qcm8;R:\81c5yB4;R:\87zJ233;R:\ROR3483,Connect
{Z8N5-P7ZU48DP-5213VNLM},01/04/2010 14:48:03,CCW2381,PC-8235,R:\;R:\38NZt61;R:\CCW2381,Connect
{U8U5-Y8YR61EU-5303ZAPG},01/08/2010 05:55:32,WSA1765,PC-1234,,Disconnect
{B4S6-B3AW60QB-6107QVGB},01/07/2010 08:59:11,EJL1075,PC-0520,R:\;R:\57h5l75;R:\EJL1075,Connect
{R0X2-E0LE19UT-9110RROY},01/05/2010 10:18:03,SAP3390,PC-8888,,Disconnect
{X6G9-L8PU05LO-2256CCYD},01/07/2010 11:36:01,REJ2666,PC-9016,R:\;R:\39d26d6;R:\44V73d6;R:\81R64j6;R:\85VB4T2;R:\REJ2666,Connect
{A2H7-D2WG93AD-5916RLFM},01/07/2010 15:44:54,EIY2749,PC-4187,R:\;R:\21c7887;R:\49cH5g2;R:\73J8WL4;R:\992wp69;R:\EIY2749,Connect
{K7Q3-T2FQ37CN-2982CKPF},01/04/2010 15:48:51,UKC0543,PC-0084,R:\;R:\UKC0543,Connect
{G6U7-O3ZU78AR-4677DKMW},01/06/2010 08:59:43,LLT0291,PC-1250,R:\;R:\14KYR41;R:\873kb79;R:\LLT0291,Connect
{B0B3-J7LU32ZM-9804TESI},01/06/2010 16:35:33,XIW0171,PC-7206,,Disconnect
{Q5S8-V9KC18RP-7693XQPE},01/06/2010 18:33:26,KLP0249,PC-8434,R:\;R:\64Dk9w2;R:\74T5hj4;R:\888hm99;R:\KLP0249,Connect
{W2J6-F8TA80ZV-9573XINJ},01/04/2010 09:41:58,CRL2357,PC-1499,R:\;R:\25m2317;R:\27tG533;R:\98c8q35;R:\CRL2357,Connect
{K4J3-U6GN42QZ-1136EIUH},01/08/2010 10:47:25,MRS0368,PC-5093,R:\;R:\MRS0368,Connect
{T5C8-G3FA73WO-5423NXAM},01/04/2010 08:56:34,DAS3775,PC-5109,R:\;R:\41m6l95;R:\DAS3775,Connect
{M6U4-S6XP76GZ-0377EGHQ},01/05/2010 17:46:52,JEM0546,PC-0308,,Disconnect
{N9G5-U7QV74JO-6204BBCG},01/06/2010 10:09:55,CCN2726,PC-6879,R:\;R:\19Hp7d2;R:\55n53r6;R:\CCN2726,Connect
{T4X6-X1WI00LP-9870RRAV},01/04/2010 15:15:30,EYD2871,PC-9862,,Disconnect
{V0J4-L0EF48CH-0517MEER},01/06/2010 12:54:54,MAR2386,PC-5153,,Disconnect
{R1C8-T1EY63OT-2107NBOD},01/05/2010 11:02:53,AKD0272,PC-4599,,Disconnect
{F1G8-P2QC45XT-4783QWHF},01/08/2010 08:23:55,HAG3196,PC-5594,,Disconnect
{F7J4-X8CA67OR-8319NOGQ},01/05/2010 14:56:42,IRS1337,PC-1290,R:\;R:\14nH693;R:\26P1887;R:\IRS1337,Connect
{P2C3-G4LA13OP-4815JFQR},01/07/2010 12:12:00,GAF2480,PC-7235,R:\;R:\GAF2480,Connect
{B3T9-B8MQ66JM-8848OTMK},01/06/2010 16:49:51,CTB3481,PC-8748,,Disconnect
{C3K0-U1BD91NW-2992IPFH},01/03/2010 09:40:02,ROR3483,PC-4365,R:\;R:\177Qcm8;R:\81c5yB4;R:\87zJ233;R:\ROR3483,Connect
{J1O4-O0CY23RE-5103ACXS},01/07/2010 11:07:35,MCW0674,PC-3018,R:\;R:\MCW0674,Connect
{W3U1-M5WL19GL-2259AISQ},01/06/2010 16:18:15,JKS2444,PC-6961,,Disconnect
{Q2A4-M1SM92FZ-3107ZIHK},01/07/2010 08:43:53,AFB0904,PC-2222,R:\;R:\41cYMz0;R:\428ff29;R:\48rrGT0;R:\65M2lK4;R:\AFB0904,Connect
{W0V5-D6RA96OT-8491NCNC},01/08/2010 10:53:27,CTB3481,PC-8748,,Disconnect
{L8O8-V5JW09LZ-8650SCHU},01/05/2010 18:25:33,RTN3680,PC-8552,R:\;R:\RTN3680,Connect
{Z8Y2-W1RZ96TR-0409IQIU},01/06/2010 15:43:18,TAJ0193,PC-5775,R:\;R:\576zD29;R:\97xZ313;R:\TAJ0193,Connect
{R0E6-E6VG84DE-9374WTXI},01/03/2010 16:02:56,WRF3534,PC-7714,,Disconnect
{G9Y4-Z0PG87OC-6552RQAS},01/06/2010 09:55:54,OJT3599,PC-9436,R:\;R:\OJT3599,Connect
{D9Y1-J8LT70AB-8637MEJM},01/07/2010 13:47:29,MDG0019,PC-2991,,Disconnect
{E7Z9-L1OD50AV-9016SYGW},01/06/2010 09:05:32,LPC2011,PC-0281,,Disconnect
{Y6I6-O7NY74SJ-1602WFRR},01/06/2010 10:12:03,ADG1737,PC-1196,R:\;R:\53B4417;R:\ADG1737,Connect
{D5E6-C2SF18RO-1459USCS},01/04/2010 10:03:31,CSM3502,PC-3472,R:\;R:\15SL6M2;R:\31r4Y65;R:\35wnYw0;R:\75PL933;R:\CSM3502,Connect
{J2W1-V6UV39MO-3468TCZT},01/06/2010 13:06:21,CCW2381,PC-8235,,Disconnect
{B2R2-T2CQ13NO-7437NPGU},01/05/2010 08:58:29,GMM0224,PC-4531,R:\;R:\19ryxx0;R:\34PW7j2;R:\76g9KN4;R:\82mM1T2;R:\GMM0224,Connect
{K4K8-H3RI24VK-9667WLCE},01/06/2010 15:21:50,QFP3467,PC-8089,,Disconnect
{C5Z1-C8RW51TE-0228DXEO},01/03/2010 15:07:54,JDM1042,PC-1105,,Disconnect
{J0Y1-K5DT62NS-6592CALW},01/07/2010 09:53:21,QAH1315,PC-3767,R:\;R:\11nH633;R:\31p4g45;R:\74BvN51;R:\77hHs81;R:\QAH1315,Connect
{Q6P3-B2KT96ZM-6119VZNY},01/07/2010 09:23:14,BBT0062,PC-3304,R:\;R:\BBT0062,Connect
{K4G0-T3VS37QR-2300LBRS},01/07/2010 09:36:33,GSA3815,PC-1992,R:\;R:\31Hxn51;R:\35B1B75;R:\GSA3815,Connect
{W2Q9-S5WG89KB-9082DAEJ},01/02/2010 15:32:37,BDR0510,PC-1197,R:\;R:\BDR0510,Connect
{H3J4-R8FG88UO-2728XTLZ},01/07/2010 15:00:15,MDH2713,PC-9421,,Disconnect
{S8G3-L6LS32GJ-9430AGES},01/05/2010 00:59:56,WSA1765,PC-2789,R:\;R:\WSA1765,Connect
{Q7P1-F5DO16DH-5502ZWKH},01/04/2010 12:52:10,LRS2996,PC-4651,,Disconnect
{N7A3-R1ET15DQ-3400SKKT},01/05/2010 07:53:31,RSR2681,PC-1713,,Disconnect
{L8U4-M3BO30YM-9219ZUIF},01/08/2010 08:35:42,AAP1919,PC-5958,,Disconnect
{T4W7-W5HX14IM-7849QTPA},01/04/2010 12:51:57,KAC1774,PC-9455,R:\;R:\11N5kF4;R:\21R8787;R:\KAC1774,Connect
{N5F1-Q2UE64TS-5004TDII},01/06/2010 17:10:31,SAB0817,PC-3926,,Disconnect
{K8Y4-G0HL46LB-9098VDXY},01/05/2010 15:44:01,RCT1697,PC-5770,R:\;R:\488TX69;R:\58l8617;R:\RCT1697,Connect
{J4Z3-G1AH51LB-4450NYJQ},01/07/2010 15:45:32,TMC3659,PC-7374,R:\;R:\45f9m55;R:\871zl39;R:\TMC3659,Connect
{X7B1-U1JI10PJ-4772DRUH},01/06/2010 09:33:22,NCS1854,PC-3307,R:\;R:\36y1MW4;R:\38L5Z45;R:\877Wbv8;R:\NCS1854,Connect
{Y1W5-P9NT71OL-9903LYGW},01/08/2010 10:24:29,TFH0544,PC-4354,,Disconnect
{S4J9-O9YL55SV-8818BAKB},01/04/2010 14:35:34,BCC2536,PC-0256,R:\;R:\54w31s6;R:\82LL683;R:\83n6Z85;R:\BCC2536,Connect
{D6Y6-D7UW86KW-9904JHNE},01/06/2010 09:51:58,XIW0171,PC-7206,R:\;R:\XIW0171,Connect
{O3Y5-W1JS59US-4778UXPP},01/08/2010 09:58:22,MOS0496,PC-0335,,Disconnect
{Y9N1-C2CO56FI-0441KAGY},01/06/2010 10:59:14,OAW3013,PC-4864,,Disconnect
{Q0Y4-Y6VF29RX-7478BQXH},01/04/2010 14:11:01,NTF1342,PC-6155,,Disconnect
{N2K7-R8DL93JC-4388XBUS},01/06/2010 15:04:45,HJD3439,PC-7083,,Disconnect
{F0K2-R5TK19SI-2391FZOU},01/05/2010 09:43:45,RPS3617,PC-5963,R:\;R:\24dcM71;R:\34x8397;R:\69jV463;R:\86z42w6;R:\RPS3617,Connect
{Z4W2-J3DN42LQ-4603LPDO},01/04/2010 14:39:59,DTL2891,PC-6142,R:\;R:\196CDl8;R:\32Dhk71;R:\415BL79;R:\DTL2891,Connect
{Z1P6-V2FD45SA-1049KOZA},01/04/2010 14:10:41,EIY2749,PC-4187,R:\;R:\21c7887;R:\49cH5g2;R:\73J8WL4;R:\992wp69;R:\EIY2749,Connect
{N7S8-G8PS28JE-9428SHYG},01/07/2010 14:46:48,JKS2444,PC-6961,R:\;R:\JKS2444,Connect
{U9E8-N9AR21DO-4510GGGY},01/06/2010 21:05:23,CMH2342,PC-1086,R:\;R:\61SQ7C2;R:\CMH2342,Connect
{C0D4-H3FE16SE-0763EPXT},01/08/2010 09:06:37,CRL2357,PC-1499,,Disconnect
{V8J7-R3AH68PW-1583VZVE},01/08/2010 09:10:53,MLW2240,PC-1960,R:\;R:\34RnHC0;R:\86W5zW4;R:\MLW2240,Connect
{G9F5-X6AC72OE-9346SFZU},01/05/2010 14:40:22,NSR2539,PC-3893,R:\;R:\367rR19;R:\93vK633;R:\NSR2539,Connect
{W2H7-M0BX01HK-9091BGUO},01/04/2010 15:16:25,TDJ3138,PC-0550,R:\;R:\213XhY8;R:\29sqz61;R:\73lz173;R:\92nN383;R:\TDJ3138,Connect
{N5U2-B4WF22DJ-0618PQBH},01/05/2010 14:04:27,SWO3258,PC-9732,R:\;R:\SWO3258,Connect
{P3I4-I8DN13RQ-2468UNDG},01/05/2010 13:14:11,NQO2712,PC-0856,,Disconnect
{H9Q5-Y6PA85AM-3216BSVU},01/06/2010 18:08:19,TLK0003,PC-7021,,Disconnect
{E1X0-O7CT17GV-5028UKCN},01/06/2010 16:30:28,RAA1455,PC-7117,R:\;R:\46D6D95;R:\51Vrb41;R:\84q4JP4;R:\88l7W95;R:\RAA1455,Connect
{X5L8-R2TA65UT-2259ZQKU},01/02/2010 15:25:51,BDR0510,PC-1197,,Disconnect
{H7Q4-H5KP28MH-8373XMUW},01/07/2010 13:39:25,ARV0704,PC-8043,R:\;R:\34P3DK4;R:\71F4457;R:\82KKpt0;R:\ARV0704,Connect
{S8I5-J7VE28GV-8525SNRF},01/04/2010 13:00:52,VEW0278,PC-8644,,Disconnect
{C6Z1-F2QC65DJ-0515LIVG},01/04/2010 14:07:49,VJB1928,PC-7171,,Disconnect
{R6H1-V6OM58LS-8016UWSH},01/05/2010 16:02:56,WAH2778,PC-5702,R:\;R:\138dmn8;R:\63l5777;R:\93TV3S2;R:\97Z9827;R:\WAH2778,Connect
{Y6W0-B9MX44BR-5903LHSH},01/05/2010 16:55:05,DJB1236,PC-4933,R:\;R:\62PD313;R:\79M16P6;R:\DJB1236,Connect
{V8E5-P2UC25TT-8619QRAQ},01/04/2010 09:13:45,OAW3013,PC-4864,R:\;R:\13KZ353;R:\OAW3013,Connect
{K4D0-I6OX83KF-3717DYPU},01/03/2010 08:30:57,YNW2855,PC-0624,,Disconnect
{B3J5-Z8LY46XT-6076RLFP},01/07/2010 14:39:22,NQO2712,PC-0856,,Disconnect
{S8M1-D8FQ73OE-5944JTWY},01/06/2010 14:56:26,AED1421,PC-0707,R:\;R:\31rWD71;R:\67jg5L2;R:\72WGC91;R:\96K4tT4;R:\AED1421,Connect
{C8P2-E4FS25JA-6404RXLU},01/07/2010 14:24:55,HDN1139,PC-9543,R:\;R:\HDN1139,Connect
{C2B3-Z0ED89GY-3548JYWW},01/07/2010 17:49:53,RCT1697,PC-5770,R:\;R:\488TX69;R:\58l8617;R:\RCT1697,Connect
{O2R8-E4AF87OK-2214LNGZ},01/07/2010 11:16:09,RCT1697,PC-5770,R:\;R:\488TX69;R:\58l8617;R:\RCT1697,Connect
{O5U1-F3WM95DK-4644XHMZ},01/06/2010 10:17:23,DAS3775,PC-5109,R:\;R:\41m6l95;R:\DAS3775,Connect
{G7T8-U8KC71GG-4318LGWG},01/05/2010 08:31:13,FNW3564,PC-7929,,Disconnect
{M9J3-G6RB85UF-7317LQYY},01/06/2010 11:29:50,BLB1876,PC-6138,R:\;R:\158ngf8;R:\61M66C6;R:\94M4487;R:\BLB1876,Connect
{F0M9-D9WJ66XI-3310MSKJ},01/05/2010 09:35:22,OJT3599,PC-9436,R:\;R:\OJT3599,Connect
{I1E1-Q0QQ24HS-4699JISA},01/05/2010 15:31:11,SJM3805,PC-5827,R:\;R:\SJM3805,Connect
{R0H6-E0OM10RZ-2824QEWA},01/07/2010 18:01:50,GSA3815,PC-1992,R:\;R:\31Hxn51;R:\35B1B75;R:\GSA3815,Connect
{W7O0-H9KZ78ZV-3328FVIU},01/05/2010 10:12:41,NBT3447,PC-0882,R:\;R:\25C2jg4;R:\43S6Sr4;R:\95V7847;R:\NBT3447,Connect
{W1C8-Q5WI46AD-8746LQKS},01/06/2010 11:00:29,GLN2107,PC-6169,,Disconnect
{G1J6-E9UE06BM-1040ERER},01/07/2010 14:51:42,ATT1191,PC-2057,R:\;R:\299Vq39;R:\92Qqr11;R:\92yXz81;R:\97bDZ21;R:\ATT1191,Connect
{S4D8-A9EA36LY-4538OPUL},01/06/2010 11:32:03,NQO2712,PC-0856,R:\;R:\39RN4N2;R:\85cLB51;R:\NQO2712,Connect
{K8A1-Y1PZ78SF-3708XSRF},01/05/2010 10:54:56,DHG1830,PC-6845,R:\;R:\12sFs11;R:\74VjZn0;R:\79CN523;R:\881kkh8;R:\DHG1830,Connect
{B5B9-M5GA43RF-5049JFLA},01/03/2010 10:27:41,JEM0546,PC-0308,,Disconnect
{Z5W7-G1QE18II-0833LYBF},01/04/2010 09:45:59,IMC3296,PC-2659,R:\;R:\18Y46W6;R:\516bS99;R:\72KG4j2;R:\IMC3296,Connect
{C5D5-X7BM29XU-9757NFJP},01/02/2010 09:38:31,GNT0221,PC-6427,,Disconnect
{O7A9-J6QJ67YK-5310YHNK},01/07/2010 09:34:37,CBB2904,PC-1498,R:\;R:\15l6Yv4;R:\CBB2904,Connect
{O4X2-T4ZT39QW-4774GLQM},01/07/2010 15:39:55,KAC1774,PC-2401,,Disconnect
{Y1D4-L4YV58YP-8913SCXF},01/07/2010 15:18:08,DJB1236,PC-4933,,Disconnect
{N6V0-G8MO13ZG-0610PBJN},01/08/2010 01:24:20,BPD2437,PC-3031,R:\;R:\BPD2437,Connect
{X5W7-P8EJ21CZ-3770DHYK},01/05/2010 12:02:03,VDI1217,PC-7996,R:\;R:\14d6137;R:\63nlW61;R:\64kn9n2;R:\VDI1217,Connect
{G4Y7-X7QX63KM-9449BQLK},01/04/2010 13:22:10,AMJ2374,PC-7610,,Disconnect
{Y7T6-E4HH78CH-1838FHZV},01/06/2010 09:22:01,GMM0224,PC-4531,R:\;R:\19ryxx0;R:\34PW7j2;R:\76g9KN4;R:\82mM1T2;R:\GMM0224,Connect
{V6O0-H7WS07YQ-8363DZDN},01/07/2010 18:35:07,SCM3407,PC-6577,,Disconnect
{C6D1-P4LD39KC-0336LPSZ},01/05/2010 15:06:28,HQF1912,PC-4388,R:\;R:\23qm4F2;R:\HQF1912,Connect
{E7W4-M3BD74LS-3471IIZB},01/04/2010 13:33:37,MJG2304,PC-8239,R:\;R:\MJG2304,Connect
{D5B7-R7RH25ZT-3024WYIR},01/07/2010 16:06:02,WAH2778,PC-5702,R:\;R:\138dmn8;R:\63l5777;R:\93TV3S2;R:\97Z9827;R:\WAH2778,Connect
{K2R7-G1GB26NY-2155ZFWC},01/02/2010 09:41:50,SDH2394,PC-5849,,Disconnect
{L6P2-K8RT11GO-9171NTVH},01/06/2010 15:49:57,FAJ3608,PC-1335,R:\;R:\FAJ3608,Connect
{L7W2-S7FE24SJ-3714PKAM},01/06/2010 09:30:27,ECB1683,PC-9614,R:\;R:\ECB1683,Connect
{A8H3-Y2SI83XU-6679PSOO},01/07/2010 10:16:57,RWS3699,PC-9819,R:\;R:\325QX59;R:\764wy59;R:\RWS3699,Connect
{A5S7-J2FS49EI-6833FFPC},01/08/2010 10:03:26,VAB1526,PC-7156,R:\;R:\44qy7j2;R:\84h2N75;R:\88xGq61;R:\93H55S6;R:\VAB1526,Connect
{O5L9-S7YX53UG-5412KENJ},01/08/2010 09:23:17,ANB2766,PC-2831,,Disconnect
{D7S8-Y9PM47XI-2903XBXJ},01/06/2010 14:35:11,EGD3972,PC-7344,,Disconnect
{U9P9-J9RO01VQ-4900KUGE},01/04/2010 12:31:24,RRD2697,PC-8178,,Disconnect
{B2L3-J8KY04AQ-1699HHEC},01/04/2010 10:38:35,DRC2296,PC-9438,,Disconnect
{T3Z6-E9IC83YQ-6812ETDF},01/04/2010 10:53:45,FYP1187,PC-8933,R:\;R:\14C2787;R:\14DNW61;R:\15jPC61;R:\415RWs8;R:\FYP1187,Connect
{C3N3-U6DH03VS-1547RHND},01/04/2010 13:30:30,SJM3805,PC-5827,R:\;R:\SJM3805,Connect
{X7W5-L3LK81WU-2022OGLN},01/07/2010 10:10:42,TGP1343,PC-6751,R:\;R:\21JD983;R:\38q7Mn4;R:\TGP1343,Connect
{H5M3-D0WE58XK-3400HVOD},01/05/2010 12:30:10,JRR0769,PC-7787,,Disconnect
{X6L8-V6BR16AQ-9053ACLQ},01/07/2010 11:54:23,MLW2240,PC-1960,,Disconnect
{B5F2-X0GK77IN-4701YPJG},01/05/2010 10:51:34,ECB1683,PC-9614,,Disconnect
{X6J4-H7WV03NO-8985MUQS},01/07/2010 09:54:57,WRF3534,PC-7714,R:\;R:\25Vt493;R:\96G8Gt4;R:\WRF3534,Connect
{S6F5-R5PW43VZ-5965JHPL},01/08/2010 08:01:16,LIC0203,PC-1828,R:\;R:\LIC0203,Connect
{F1J6-O8SW75HS-3069AJAZ},01/07/2010 09:39:40,OAW3013,PC-4864,,Disconnect
{D0J0-W8HP56LZ-2100CEAA},01/03/2010 11:25:55,CHM1561,PC-7046,,Disconnect
{H2U2-D6RY34QO-0483MASF},01/02/2010 15:57:59,ATH0225,PC-7844,R:\;R:\13x1p75;R:\27QJ5H2;R:\73ln1M2;R:\ATH0225,Connect
{T1J4-Z9TC99TY-5387CTQA},01/05/2010 15:04:09,AFB3228,PC-1951,R:\;R:\54Pv4Q2;R:\824Chb8;R:\AFB3228,Connect
{F9S5-Z9BI50UP-5163PITO},01/05/2010 09:56:46,GVC1358,PC-8925,,Disconnect
{U0A8-R2CZ72NW-7416MUEP},01/07/2010 17:29:54,MBC0803,PC-1493,R:\;R:\MBC0803,Connect
{G4J9-Y2NY23GE-4014KGQN},01/05/2010 07:52:07,AWM2286,PC-9806,R:\;R:\AWM2286,Connect
{R7W1-C8OY09WR-1711ESWG},01/06/2010 17:44:52,GSA3815,PC-1992,R:\;R:\31Hxn51;R:\35B1B75;R:\GSA3815,Connect
{L3A6-X2NK41UD-2493FHCY},01/05/2010 15:35:56,WNW2002,PC-6583,R:\;R:\11JKvd0;R:\74rQRx0;R:\94ZG3P2;R:\WNW2002,Connect
{B0Q9-E5EN68BF-1442LZGO},01/06/2010 13:57:45,MLW2240,PC-1960,,Disconnect
{H7R9-D1IY76BT-5026YLNH},01/04/2010 15:27:51,PMH3484,PC-6983,,Disconnect
{Q6H7-A9RD76LE-9569QNQC},01/02/2010 16:12:29,SDH2394,PC-5849,,Disconnect
{R5B0-O3RT02GE-6252CDYZ},01/06/2010 09:05:40,NJM0440,PC-0411,R:\;R:\NJM0440,Connect
{W7T9-J0UM25HF-6909APBD},01/08/2010 09:38:35,DAM0096,PC-7806,R:\;R:\28r18G6;R:\88JQLZ0;R:\993LJ49;R:\DAM0096,Connect
{C3G4-Y6IH95BK-7380HTSX},01/07/2010 09:31:17,REJ2666,PC-9016,,Disconnect
{F8K7-C4IT26ON-3746OLTP},01/06/2010 10:38:47,HBD1371,PC-3924,R:\;R:\HBD1371,Connect
{Z3C2-J4ME57MF-7776OFEK},01/08/2010 09:05:18,BVB1673,PC-8134,,Disconnect
{P7T5-A6WO13QV-1616IQSR},01/05/2010 13:35:00,HGH0727,PC-2482,R:\;R:\16QxYq0;R:\47q3837;R:\54y3717;R:\63Gv4j2;R:\HGH0727,Connect
{Q6C3-U4WU56GP-5348UVGB},01/05/2010 13:33:16,GSA3815,PC-1992,,Disconnect
{S7L9-B8TL39BU-4627ERKG},01/04/2010 11:37:14,REC0283,PC-6764,,Disconnect
{I6V5-X5TC35KR-4648DMQU},01/07/2010 09:26:20,HQF1912,PC-4388,R:\;R:\23qm4F2;R:\HQF1912,Connect
{M7K6-T1DA22GS-0209ONJB},01/07/2010 13:35:57,RSS3182,PC-6697,R:\;R:\18WY6J2;R:\278sQS8;R:\32RZ553;R:\59ygS21;R:\RSS3182,Connect
{T4S3-B1IR46IW-2001DCKD},01/06/2010 11:44:30,CAR0992,PC-9203,R:\;R:\43vp4s2;R:\CAR0992,Connect
{T0T6-X3BP40KA-7927AWHP},01/04/2010 14:43:14,HHD2393,PC-2930,,Disconnect
{H2C4-A0LK91BY-9496VQLU},01/03/2010 12:23:38,ROR3483,PC-4365,R:\;R:\177Qcm8;R:\81c5yB4;R:\87zJ233;R:\ROR3483,Connect
{Z3K3-I7DB36QC-9227NBZH},01/07/2010 12:39:20,TGP1343,PC-6751,,Disconnect
{K3J6-R0BH76QP-5021VAIA},01/05/2010 15:29:37,ICH2378,PC-1546,,Disconnect
{M7A1-A3AW96MG-8121HNIH},01/05/2010 15:26:39,USF1753,PC-9328,,Disconnect
{Z1W6-T0MI25KM-4719BMFG},01/06/2010 12:07:11,SCR2455,PC-9810,R:\;R:\14N2nF4;R:\48Y7D95;R:\71G1Z45;R:\SCR2455,Connect
{D5V0-T2GO33UL-4591AHRZ},01/04/2010 14:18:16,RSG0687,PC-8994,R:\;R:\52d73F6;R:\893VRF8;R:\99F8737;R:\RSG0687,Connect
{A3I1-V1TD95AT-5022SHMD},01/07/2010 16:53:58,DOM0586,PC-9943,R:\;R:\29B1f45;R:\35s19T6;R:\68gqjl0;R:\825YTp8;R:\DOM0586,Connect
{F9C2-R3UM19QA-8545XANZ},01/05/2010 09:01:12,DRC2296,PC-9438,,Disconnect
{B6Q4-C8MF56LY-7745CPBZ},01/02/2010 16:33:30,XCL1792,PC-7186,,Disconnect
{W2L5-U3ZU71QI-3791WRFQ},01/04/2010 12:10:17,XCL1792,PC-7186,R:\;R:\11N1617;R:\54Vt3L2;R:\911Jx39;R:\XCL1792,Connect
{Q9C2-C6WC73ET-1621TDDE},01/05/2010 13:45:33,AAP1919,PC-5958,R:\;R:\374WV79;R:\71cHf61;R:\893yl29;R:\AAP1919,Connect
{H4V0-F2ZC80JK-2098NMMD},01/05/2010 17:38:27,KEM1208,PC-4614,R:\;R:\KEM1208,Connect
{C6E5-A7AA48CC-6621WBAY},01/05/2010 14:03:35,VPS3185,PC-3491,,Disconnect
{Z9Z4-I5FO45CQ-7062DEVL},01/04/2010 19:22:22,HZH0297,PC-9939,R:\;R:\29H2267;R:\452xr69;R:\HZH0297,Connect
{F7T3-T5JW39VL-6617EBDU},01/06/2010 17:46:56,GDH2500,PC-9355,R:\;R:\14JJRl0;R:\32BwkH0;R:\GDH2500,Connect
{O0O0-E6OI82CK-9216NMGM},01/06/2010 15:11:29,BYF3784,PC-3262,,Disconnect
{N1L0-W9FN74IB-7216HIXU},01/07/2010 16:28:16,JRR2745,PC-8704,,Disconnect
{M9I3-C1FR09HL-0832DVCT},01/06/2010 15:51:27,IKT0917,PC-9893,,Disconnect
{G5P3-I9DC12ZZ-1448PXIN},01/05/2010 13:08:29,RCT1697,PC-5770,,Disconnect
{B8U0-N4ZQ82ZP-7143CVVR},01/06/2010 12:44:48,WRF3534,PC-7714,R:\;R:\25Vt493;R:\96G8Gt4;R:\WRF3534,Connect
{K4O9-I1FE27JX-5580AXBX},01/05/2010 14:05:43,HDN2609,PC-8185,R:\;R:\228PC49;R:\84bgXn0;R:\HDN2609,Connect
{R6I9-R3NR01BZ-2302EQQE},01/06/2010 14:31:55,APP2488,PC-1629,R:\;R:\185PBY8;R:\APP2488,Connect
{N6T3-G5LH49PQ-6815NVVG},01/05/2010 14:24:42,ABD3426,PC-8657,,Disconnect
{U0R3-C1TZ94SL-2208IKDG},01/07/2010 17:39:08,APA1788,PC-5022,,Disconnect
{R3L6-U1VR71JX-3967NVAL},01/06/2010 15:03:14,IMC3296,PC-2659,,Disconnect
{K2K4-T3TK57PO-4004OPZE},01/04/2010 13:04:45,ROH1347,PC-1449,R:\;R:\47P8497;R:\91x1jK4;R:\ROH1347,Connect
{S4S9-N8PF82SY-6697GOAC},01/05/2010 15:42:29,JHK3122,PC-4288,,Disconnect
{U7F2-J1AO61NX-2277WRMD},01/02/2010 09:36:44,LTW1441,PC-2126,,Disconnect
{E8T0-I2YM34CH-5658MSSQ},01/05/2010 08:15:24,OAP2825,PC-0824,,Disconnect
{S3A8-F2FJ25PW-4203MHGL},01/06/2010 14:10:43,CGG3388,PC-5178,,Disconnect
{D0S2-V4MX77IR-0909MGYN},01/07/2010 09:10:59,PHB0124,PC-8424,,Disconnect
{H8X6-W3OR03KG-0920ZYTY},01/05/2010 11:40:19,YDM1720,PC-1224,,Disconnect
{P0J6-M5SE62SH-5110PEJA},01/04/2010 09:08:57,JOA0305,PC-6330,R:\;R:\13DLbX0;R:\61cr163;R:\98T2R85;R:\JOA0305,Connect
{P2F2-E6CS33CO-3517EBKP},01/07/2010 12:06:41,RTN3680,PC-8552,R:\;R:\RTN3680,Connect
{J2Z6-S4FU81LJ-4577OXEM},01/05/2010 08:39:40,FNM2124,PC-3075,R:\;R:\15jrS81;R:\24J2LB4;R:\47YB4N2;R:\74TK1J2;R:\FNM2124,Connect
{L7T0-V6NA83FX-3273AKHG},01/07/2010 10:17:37,TDM3135,PC-3212,R:\;R:\15l8P15;R:\89cSP11;R:\97BG263;R:\TDM3135,Connect
{C6V9-C5JQ92EE-6906MBXN},01/04/2010 10:53:31,MLW2240,PC-1960,,Disconnect
{N9M4-D4ZO09JD-4078SSEF},01/06/2010 08:38:15,OCD3513,PC-4082,,Disconnect
{P9Q9-D0XN45CE-1374QUTN},01/04/2010 14:42:37,LPH3918,PC-2216,R:\;R:\413bX89;R:\493KPc8;R:\78vht91;R:\LPH3918,Connect
{D6N0-Z1HR24PC-2535ZDEA},01/06/2010 15:38:10,VJB1928,PC-7171,R:\;R:\152zlk8;R:\53fm8t2;R:\VJB1928,Connect
{Y5X2-N9KD97SS-6839ZKKO},01/07/2010 13:38:28,LLT0291,PC-1250,,Disconnect
{X7V1-D2QD57GW-0825NGDK},01/05/2010 17:09:17,UMF2894,PC-7216,R:\;R:\333YV69;R:\571DcB8;R:\88q7CB4;R:\UMF2894,Connect
{T3N2-G1WL40FH-7411CYOF},01/04/2010 15:47:41,BBM2604,PC-6547,R:\;R:\14f2vM4;R:\BBM2604,Connect
{E5O6-M1AD93BE-2698GSAG},01/04/2010 17:13:02,CCN2726,PC-6879,,Disconnect
{K7N5-E3DJ97JN-2283RRPH},01/07/2010 14:22:44,BRG3267,PC-8439,,Disconnect
{G5D4-V7MN24CK-4158GPAR},01/05/2010 09:46:53,MIA3825,PC-1415,R:\;R:\MIA3825,Connect
{U1Y2-G3IX24VH-3459MYZT},01/07/2010 09:59:52,DAM0096,PC-7806,,Disconnect
{R4E1-B5JT46SA-7350DVZJ},01/05/2010 09:35:30,RAA1455,PC-7117,R:\;R:\46D6D95;R:\51Vrb41;R:\84q4JP4;R:\88l7W95;R:\RAA1455,Connect
{S2G8-P1AX94JY-0075GMQC},01/02/2010 13:44:37,JKS2444,PC-6961,,Disconnect
{E3V3-F4UC28RX-3725HRDI},01/03/2010 11:56:29,LLT0291,PC-1250,R:\;R:\14KYR41;R:\873kb79;R:\LLT0291,Connect
{W3L4-B3QV12BM-4305AKWD},01/06/2010 13:58:52,LMH3831,PC-8433,R:\;R:\LMH3831,Connect
{H3W6-P9UE23AT-1339XJQP},01/06/2010 11:25:24,QBR2250,PC-5642,,Disconnect
{M8J8-J0XT68PE-9376EFTH},01/05/2010 17:11:59,AED1421,PC-0707,R:\;R:\31rWD71;R:\67jg5L2;R:\72WGC91;R:\96K4tT4;R:\AED1421,Connect
{B5C3-A2BW05XY-2742NLZH},01/06/2010 12:07:02,NQO2712,PC-0856,,Disconnect
{D3S4-H6LX18RJ-4420RWLO},01/02/2010 13:12:35,FAJ3608,PC-1335,,Disconnect
{D2V8-D8HO43UQ-3509JSAI},01/06/2010 11:45:37,WMR2723,PC-5580,,Disconnect
{Z7T5-K1QY93GG-1704ADZB},01/06/2010 08:02:05,LUK1182,PC-0841,R:\;R:\47Vp5R2;R:\LUK1182,Connect
{Y1W2-Q4ND16ES-4825QYKW},01/06/2010 14:40:50,CLR2407,PC-2704,R:\;R:\12Bf2v2;R:\39KkVd0;R:\44m3yx4;R:\83p4727;R:\CLR2407,Connect
{C7O4-Q5GJ87KC-4447DXKJ},01/07/2010 12:30:28,CMH2342,PC-1086,,Disconnect
{C3M5-A6TY05RP-2952WDFT},01/07/2010 14:45:49,QFP3467,PC-8089,R:\;R:\79z7267;R:\QFP3467,Connect
{Q0S6-I0XU80YM-5477SFZA},01/07/2010 17:21:58,MQR1657,PC-6852,,Disconnect
{P7D3-M4HA08XI-7813GEPO},01/04/2010 16:35:57,YKW3832,PC-2158,,Disconnect
{S0I1-I9DV14PV-8671RZND},01/07/2010 16:03:23,HBD1371,PC-3924,R:\;R:\HBD1371,Connect
{B5Q4-C1QR22JG-1115KUAW},01/05/2010 15:33:32,DOT1898,PC-9700,R:\;R:\528wQ79;R:\552JVm8;R:\DOT1898,Connect
{T5P8-K3DJ93BJ-5980SLIL},01/07/2010 17:29:35,TMC3659,PC-7374,R:\;R:\45f9m55;R:\871zl39;R:\TMC3659,Connect
{K3M5-E8HW76OO-4482ISIZ},01/02/2010 15:02:35,AKS3496,PC-3470,R:\;R:\AKS3496,Connect
{L4Q4-U2UI07EL-5801ZRWJ},01/04/2010 14:14:01,OED3393,PC-8007,R:\;R:\968tD29;R:\97bY243;R:\OED3393,Connect
{M7T3-A2WT59HE-9288QNAO},01/04/2010 11:27:38,MCW0674,PC-3018,R:\;R:\MCW0674,Connect
{N2H4-G8LP76IJ-9954OWRC},01/06/2010 08:52:44,VTK2978,PC-6750,,Disconnect
{X8O8-Q4TY07AS-8493IPNH},01/04/2010 16:47:54,AED1421,PC-0707,R:\;R:\31rWD71;R:\67jg5L2;R:\72WGC91;R:\96K4tT4;R:\AED1421,Connect
{K5T6-P4KP14HW-7517LMVK},01/05/2010 15:01:17,AAP1919,PC-5958,,Disconnect
{A9K3-Q1UZ80XG-0658BDIQ},01/05/2010 13:00:15,JCP1462,PC-7135,R:\;R:\45CS6d2;R:\79Z31t6;R:\JCP1462,Connect
{H5Z8-U3NT90AK-0394LCAQ},01/07/2010 15:29:07,LCP0344,PC-0780,,Disconnect
{V6S2-Y5GA24QK-2087DZAF},01/07/2010 14:51:00,FAJ0523,PC-1262,,Disconnect
{B9R7-U3YM28HS-4338FYEA},01/05/2010 18:04:40,AHC1994,PC-5218,R:\;R:\AHC1994,Connect
{P2Q9-F8UO90AB-8706FPSY},01/07/2010 16:58:48,OQL3890,PC-4417,,Disconnect
{L9K3-A2JB35EY-4016LAVU},01/05/2010 12:34:31,WDD2677,PC-5115,R:\;R:\24q8647;R:\64W2917;R:\WDD2677,Connect
{K7M0-H7FT50ZX-9905QNHQ},01/07/2010 14:33:36,NQO2712,PC-0856,R:\;R:\39RN4N2;R:\85cLB51;R:\NQO2712,Connect
{M7V5-V0XT19ZO-3918GIIN},01/05/2010 13:08:01,TZY3133,PC-9358,,Disconnect
{K1Z0-M8VY92TW-3020ZINJ},01/04/2010 09:36:40,JCP1462,PC-7135,R:\;R:\45CS6d2;R:\79Z31t6;R:\JCP1462,Connect
{B0B8-F1QZ74PA-4463KVLD},01/05/2010 10:25:58,SAM3855,PC-2428,R:\;R:\31N1z65;R:\51T2D95;R:\984pXq8;R:\SAM3855,Connect
{I0V6-A0BM42PG-8876PTIV},01/04/2010 10:09:42,LXC0839,PC-5703,,Disconnect
{N1A1-P8LG42ZO-9981LYMK},01/05/2010 10:35:00,EYD2871,PC-9862,,Disconnect
{D3Y0-L0DP01XC-9905HXIN},01/05/2010 11:38:20,FAJ3608,PC-1335,R:\;R:\FAJ3608,Connect
{J6B8-J9HF20RS-6833FHZH},01/05/2010 09:59:20,CCN2726,PC-6879,R:\;R:\19Hp7d2;R:\55n53r6;R:\CCN2726,Connect
{J5M3-W5LV63YZ-1216JPUT},01/08/2010 08:15:35,BVB1673,PC-8134,,Disconnect
{R4E0-D9LL82TE-7477DZHE},01/04/2010 15:24:25,WDD2677,PC-5115,,Disconnect
{W8T1-A9PZ54OE-9664GFBB},01/04/2010 08:04:18,THH2751,PC-1098,R:\;R:\THH2751,Connect
{L9G5-D0RL96AM-2828ZXWM},01/02/2010 15:34:18,ATH0225,PC-7844,R:\;R:\13x1p75;R:\27QJ5H2;R:\73ln1M2;R:\ATH0225,Connect
{C3J5-J2RO31MM-3136PFYJ},01/04/2010 13:38:30,DRC2296,PC-9438,,Disconnect
{B0A5-H7EE71LS-0750MEYY},01/07/2010 15:23:59,DJB1236,PC-4933,R:\;R:\62PD313;R:\79M16P6;R:\DJB1236,Connect
{P8B7-X6SX71ZL-0802ETBX},01/05/2010 17:23:00,CSM3502,PC-3472,,Disconnect
{D8D5-M3EW69VW-7596RWJY},01/02/2010 11:31:35,ROR3483,PC-4365,R:\;R:\177Qcm8;R:\81c5yB4;R:\87zJ233;R:\ROR3483,Connect
{Y7S2-F9LK37XZ-8287MLNN},01/07/2010 16:05:55,BVB1673,PC-8134,,Disconnect
{Q9A0-C5RM64YZ-4212SGIK},01/04/2010 09:15:13,PMH3484,PC-6983,R:\;R:\42W8wz4;R:\884bJh8;R:\PMH3484,Connect
